Full Name,Email,Age,Zip,Phone,Gender,Password,Street,Major
Alisa Lynch,aly8942@lionstate.edu,19,62901,1507045398,F,ixg1libp,78 South Brewery Ave.,CHEM
Alisha Murray,amu1270@lionstate.edu,21,46376,3852017301,F,4eystjwe,639 Princeton Rd.,CMPSC
Alice Kiehn,aki5907@lionstate.edu,20,30529,4651079903,M,p0ulbn26,8985 Cambridge Ave.,PHYS
Anastasia Shields,ash5820@lionstate.edu,18,72571,1245720203,F,06e84eor,55 Hall St.,CSE
Alyce Leuschke Jr.,ale8219@lionstate.edu,21,80104,5672573168,M,ev4n7hoh,232 W. Homewood Ave.,PHYS
Althea Leuschke,ale8939@lionstate.edu,21,91042,5188242875,F,oqt6byzj,608 North Addison St.,PHYS
Alysa Hintz,ahi5324@lionstate.edu,20,52041,2747801612,F,d797xc1r,7764 Union Avenue,EE
Alisha Beier,abe4600@lionstate.edu,21,33162,9958003600,M,gr1wwq45,91 S. Gartner Street,CSE
Anastacio Krajcik,akr4205@lionstate.edu,18,86426,8949156456,F,uy8t28xc,7195 North Canterbury Circle,DS
Alfonso Torp,ato9019@lionstate.edu,18,80820,6526624001,F,dfo34diu,963 Court Road,PHYS
Alexis Schulist,asc2712@lionstate.edu,22,62943,8721850538,M,l55ah9nv,9599 La Sierra St.,CMPEN
Alicia Harber,aha9325@lionstate.edu,22,62684,8227926780,F,a1uqkqum,83 Corona Street,MATH
Amiya Bogisich II,abo7856@lionstate.edu,18,47360,7939218274,M,h18e8b5s,361 E. Sierra Street,MATH
Alfredo Trantow,atr9605@lionstate.edu,20,46121,1893023565,F,wxl0jmfp,7450 West Manchester Street,CMPSC
Alysson Okuneva,aok9861@lionstate.edu,20,62824,3318636528,F,o81zf7vv,863 Stillwater Road,MATH
Anabel Littel,ali8897@lionstate.edu,22,30277,9062058566,M,4n61e74y,798 North Euclid Drive,EE
Alycia Berge,abe6138@lionstate.edu,20,50244,3098851985,F,frmyglmo,8687 N. Sleepy Hollow Court,EE
Ali Ledner,ale7189@lionstate.edu,19,71602,6758666803,F,ougfoqn0,608 North Addison St.,STAT
Angela Jast Jr.,aja3132@lionstate.edu,19,33847,4557224936,M,nthuiyec,141 Gulf Rd.,STAT
Amely Rohan,aro5704@lionstate.edu,18,39834,2554741695,F,5h880la6,18 Lakeview Street,PHYS
Amaya Mosciski,amo7945@lionstate.edu,19,32927,6731949798,F,wd5xogip,7764 Union Avenue,CMPSC
Alexys Stanton,ast1122@lionstate.edu,21,61870,2485721261,M,93fj0cwc,9659 Rosewood Drive,EE
Allene Zulauf,azu5256@lionstate.edu,22,96058,2474237601,M,mg8nk8d5,358 Marvon Ave.,ECON
Alysa Bosco Sr.,abo9166@lionstate.edu,19,62884,3457483321,F,gjgm1fqt,7529 Old Sunset Road,EE
Amie Pacocha,apa5949@lionstate.edu,18,60932,4152623526,M,uh69s5qo,608 North Addison St.,ECON
Amara Gaylord,aga6525@lionstate.edu,22,30078,3829440069,F,h5rqfz6v,780 East Redwood Drive,PHYS
Americo Mitchell,ami4349@lionstate.edu,19,62320,6366913892,M,viq0h6xe,9498 Newport Ave.,MATH
Alivia Brown DDS,abr9092@lionstate.edu,21,33035,1214453150,F,tr7phe04,780 East Redwood Drive,CHEM
Alexane Hermann,ahe1989@lionstate.edu,21,60613,8035503021,F,t4v6sg4w,88 Harrison Street,ECON
Amaya Denesik,ade2931@lionstate.edu,19,62530,5505925647,F,pt2zj3ku,639 Princeton Rd.,CHEM
Andre Will,awi2065@lionstate.edu,22,51573,7747714736,F,9gbzyxsk,8687 N. Sleepy Hollow Court,CMPSC
Lenna Jewess Sr.,lje9488@lionstate.edu,19,31216,2299506854,F,p7yiphsy,7313 Stillwater Lane,DS
Rosie Bruen,rbr2525@lionstate.edu,21,61252,7994282824,M,mn60ih69,453 North Elm Dr.,CSE
Lorenzo Dickens,ldi6656@lionstate.edu,19,50515,8963281882,M,1vnxmx51,8131 Elizabeth Ave.,CSE
Marjorie Dickinson,mdi4539@lionstate.edu,19,32925,5761414752,F,cjiicgr5,963 Court Road,CMPEN
Keon Fadel,kfa9089@lionstate.edu,21,94601,1983885794,M,m0bdut14,7764 Union Avenue,CMPEN
Penelope Ziemann,pzi2408@lionstate.edu,22,85354,4903891156,F,7j7rei4g,185 E. Trenton Street,STAT
Maximilian Ruecker,mru3359@lionstate.edu,21,34609,3736806826,M,2mjlwhvc,308 Mammoth Dr.,CSE
Samanta Collier,sco1712@lionstate.edu,18,30523,7993688907,M,p8ieksdz,7297 Applegate St.,CSE
Tyree Pacocha,tpa5190@lionstate.edu,22,34210,1938713024,M,od1asurx,7529 Old Sunset Road,CHEM
Ima Hilll,ihi8422@lionstate.edu,22,80652,8096229224,F,d5mus3og,9498 Newport Ave.,CHEM
Miss Ellsworth Goyette,mel3938@lionstate.edu,20,52776,5401056300,M,61ip5i1a,266 Second Street,IST
Pasquale Ritchie,pri2221@lionstate.edu,21,52571,6892755465,M,09vhc6ga,232 W. Homewood Ave.,IST
Nicolas Kunde,nku3451@lionstate.edu,19,96132,7725602202,F,1vpw660p,83 Corona Street,CMPSC
Jaunita Zemlak,jze6681@lionstate.edu,22,20390,7301972665,M,9z5xs7i4,6 Andover Dr.,CHEM
Jaunita Paucek,jpa6316@lionstate.edu,18,91106,6928175093,F,6f4h1qhw,7297 Applegate St.,CMPSC
Luisa Keebler,lke7167@lionstate.edu,21,94947,4026102639,F,i15k2z5c,251 West Sheffield Drive,STAT
Karli Streich DDS,kst7090@lionstate.edu,20,30339,7219545979,M,a31lbs06,9236 El Dorado St.,EE
Miss Stanton Hyatt,mst7516@lionstate.edu,20,32164,3254434862,F,xbodkb1p,63 Lake Forest Road,PHYS
Isobel Hudson,ihu2594@lionstate.edu,20,81240,4118791845,F,c6m8qq2y,9408 Anderson Court,CMPSC
Shaun Marvin,sma8389@lionstate.edu,20,72852,8248844006,F,cyr5laao,8985 Cambridge Ave.,STAT
Justina Schuster,jsc7283@lionstate.edu,19,95337,5764153872,M,juqc63zz,285 Dogwood Drive,DS
Manuela Blick,mbl5527@lionstate.edu,18,50231,3971228539,F,iqt9wnaq,963 Court Road,STAT
Reina McLaughlin Jr.,rmc1213@lionstate.edu,18,86042,2222860116,F,zibhv380,7313 Stillwater Lane,DS
Miss Gennaro Torphy,mge3655@lionstate.edu,18,46347,8236514298,F,hhoz4znw,863 Stillwater Road,EE
Kaleb Carter MD,kca7584@lionstate.edu,20,80816,1302957415,M,o19o3kra,639 Princeton Rd.,CMPEN
Reva Hirthe,rhi3330@lionstate.edu,18,47469,1933349133,F,cz4rv678,141 Gulf Rd.,CSE
Jennie Haag,jha3634@lionstate.edu,19,85251,8728869936,M,e3gvatua,185 E. Trenton Street,IST
Mikayla Senger,mse3018@lionstate.edu,21,94107,9998992020,F,t97xa8jr,7313 Stillwater Lane,EE
Janis Leffler,jle7688@lionstate.edu,20,91203,1936566044,M,hza255xn,182 Spring Street,MATH
Maverick Rempel,mre6097@lionstate.edu,22,52737,1968355972,F,u50mz2ki,7195 North Canterbury Circle,MATH
Myrtice Armstrong,mar7316@lionstate.edu,20,46324,1823054503,F,ql6wokcz,7313 Stillwater Lane,ECON
Roy Boehm,rbo4096@lionstate.edu,22,62358,3442466276,F,6ch26zsv,91 S. Gartner Street,CMPEN
Jackie Considine,jco8261@lionstate.edu,19,50851,7377371515,F,zrziiod8,91 S. Gartner Street,CMPSC
Kristofer Gusikowski,kgu3649@lionstate.edu,21,92008,7353272986,M,c6zw7xeq,9408 Anderson Court,DS
Letitia Graham,lgr2017@lionstate.edu,19,61274,6673176141,F,td7qer7k,3 North Linden Ave.,STAT
Skye Graham,sgr6837@lionstate.edu,22,95425,8296562358,F,885lnlgn,266 Second Street,CMPEN
Thora Predovic Sr.,tpr4269@lionstate.edu,19,47434,1404427899,F,3w4nls9b,285 Dogwood Drive,CMPSC
Suzanne Botsford,sbo2144@lionstate.edu,19,85192,9329543320,F,9yzoqecx,3 North Linden Ave.,CMPEN
Mr. Hallie Crooks,mha5312@lionstate.edu,18,30755,9015584978,M,ldrwndyy,78 South Brewery Ave.,ECON
Vilma Sauer,vsa8991@lionstate.edu,22,30113,1886491365,M,zagzjbh5,120 Heritage Lane,PHYS
Mrs. Marlee Ward,mma8341@lionstate.edu,21,6066,9987860142,M,5zsqvzsa,7195 North Canterbury Circle,CMPSC
Theresa Glover,tgl2369@lionstate.edu,21,80615,9212714963,M,mujxipgm,708 York Dr.,STAT
Meredith Kuhlman DVM,mku3151@lionstate.edu,22,62888,9837771786,M,5tplvmde,336 Myrtle Street,MATH
Santino Altenwerth,sal4395@lionstate.edu,21,83616,1721865840,F,h4hxgcq7,8378 West Pulaski Ave.,MATH
Kiley Nienow PhD,kni2503@lionstate.edu,20,92624,7972195124,F,56evzicb,285 Dogwood Drive,MATH
Joe Kirlin DDS,jki2803@lionstate.edu,21,50654,5541738975,M,8axiqzsa,87 Vermont St.,CSE
Malvina DuBuque,mdu3807@lionstate.edu,18,81332,5749240295,F,7zez3zsk,88 Harrison Street,ECON
Mrs. Chasity Schamberger,mch6748@lionstate.edu,20,95231,3805502995,M,7vx7covg,7450 West Manchester Street,CMPSC
Lucius Lakin,lla3945@lionstate.edu,20,32359,3403273193,F,yt1zlei9,7130 Longfellow Dr.,PHYS
Mariane Reilly,mre5662@lionstate.edu,22,52569,1094533896,M,1c8zbevj,453 North Elm Dr.,IST
Tara Baumbach,tba6345@lionstate.edu,19,46310,8574550346,M,0m29rudy,963 Court Road,CSE
Wilfred Moen,wmo7407@lionstate.edu,20,72383,7726314772,M,vohtstyp,7529 Old Sunset Road,PHYS
Jodie Brekke Sr.,jbr7032@lionstate.edu,21,96103,5974899721,M,rhw24sr5,8985 Cambridge Ave.,CHEM
Kristopher O'Connell,ko'2102@lionstate.edu,21,30341,9367731514,F,88zlsj5j,7764 Union Avenue,CMPSC
Zackary Johnson,zjo1462@lionstate.edu,18,94107,1176394426,F,t2ujdmui,7297 Applegate St.,ECON
Max Bashirian,mba9287@lionstate.edu,18,32754,2427782086,F,obmm3eek,608 North Addison St.,ECON
Marietta Runolfsson,mru3829@lionstate.edu,21,33778,7324827357,F,xkuhje6t,708 York Dr.,CMPSC
Ms. Devante Frami,mde6603@lionstate.edu,21,93004,5354909300,F,kr7ql6nc,7195 North Canterbury Circle,CHEM
Kali Mills,kmi8049@lionstate.edu,19,51031,2633829126,M,re55bd6w,185 E. Trenton Street,MATH
Shaun Glover,sgl1030@lionstate.edu,22,61742,8505979086,F,lfd2z2k3,182 Spring Street,IST
Mariana Stokes,mst1558@lionstate.edu,19,32780,5643982379,M,t2xd9avn,266 Second Street,MATH
Tommie Mosciski,tmo8266@lionstate.edu,22,30473,8504605906,F,7i18zf4n,9408 Anderson Court,CMPSC
Jailyn Green,jgr3574@lionstate.edu,22,30410,1692759843,M,xms08kb4,7195 North Canterbury Circle,CHEM
Yessenia Crona,ycr1322@lionstate.edu,21,52737,8914259323,M,wagux3h8,120 Heritage Lane,CMPSC
Serena Stiedemann,sst9336@lionstate.edu,22,52555,6779907478,F,8z5pnlui,8378 West Pulaski Ave.,EE
Ressie Boyer,rbo1548@lionstate.edu,21,31701,3834077162,M,2xpz77r8,9659 Rosewood Drive,CMPEN
Zackery Reynolds,zre8115@lionstate.edu,20,51005,9699383013,F,cqu4oqqk,185 E. Trenton Street,CHEM
Robb Christiansen,rch5723@lionstate.edu,22,60551,9712596261,M,tqdgdwnl,798 North Euclid Drive,EE
Joaquin Turner,jtu5218@lionstate.edu,21,95388,1241467821,M,pjjaks2g,7313 Stillwater Lane,DS
Lucy Oberbrunner,lob8984@lionstate.edu,21,80229,7565263818,M,bn47qlis,4 Old Academy Drive,CHEM
Trudie Runte,tru4888@lionstate.edu,18,61570,7762439969,F,h6czyxwt,361 E. Sierra Street,EE
Lambert Russel,lru4870@lionstate.edu,22,80433,5751743838,F,a62i6pl3,453 North Elm Dr.,MATH
Xavier Greenfelder V,xgr6403@lionstate.edu,20,90240,4493498556,M,sxbpeq1n,6 Andover Dr.,CHEM
Mr. Elta Hammes,mel4420@lionstate.edu,18,62571,7679560247,F,lscmydj9,9498 Newport Ave.,IST
Lucas Reinger,lre4938@lionstate.edu,19,30728,4844068684,F,9itfmlss,251 West Sheffield Drive,PHYS
Shyanne Heller,she6009@lionstate.edu,22,50864,8038803503,F,468vx2eo,91 S. Gartner Street,CMPSC
Lorena Anderson,lan4217@lionstate.edu,21,60423,4928605971,M,pyu1l9vk,3 North Linden Ave.,PHYS
Marlene Schulist,msc4152@lionstate.edu,22,46590,8899555991,F,pw8rw005,4 Old Academy Drive,ECON
Tobin Balistreri,tba6085@lionstate.edu,22,33169,3043629905,F,hluyeul5,3 North Linden Ave.,STAT
Maudie Murphy,mmu4907@lionstate.edu,18,62049,2096615282,F,6be7cy6j,7130 Longfellow Dr.,ECON
Toy Hayes,tha7400@lionstate.edu,18,46310,6937306537,M,vcqhvrf4,9498 Newport Ave.,DS
Khalil Kovacek,kko5971@lionstate.edu,18,52208,5102956315,F,pzivzcis,7529 Old Sunset Road,CHEM
Noble Dooley,ndo9422@lionstate.edu,19,94957,4716964683,M,x66pet3n,9659 Rosewood Drive,CSE
Sammy Braun,sbr4537@lionstate.edu,21,33136,5007738388,M,21appxs5,91 S. Gartner Street,STAT
Rubie Runolfsson,rru5828@lionstate.edu,20,30545,8163587693,M,pg6loq0c,8687 N. Sleepy Hollow Court,MATH
Mr. Mable Prosacco,mma5417@lionstate.edu,18,61242,3368286915,M,ho1589h3,63 Lake Forest Road,DS
Mrs. Reba Heller,mre1388@lionstate.edu,18,81242,6723670620,F,7wkpb4f4,18 Lakeview Street,PHYS
Louisa Gislason,lgi1280@lionstate.edu,19,96761,9046950677,M,bnq1qmcv,7764 Union Avenue,CHEM
Jalen Orn,jor1361@lionstate.edu,19,95547,5054368549,M,1ycbd4va,7313 Stillwater Lane,CSE
Miss Ardith Jerde,mar8229@lionstate.edu,19,91343,4302913419,F,fba3ls3l,708 York Dr.,CMPSC
Marianna Cummings,mcu4958@lionstate.edu,21,47983,8184900568,M,65t6knui,120 Heritage Lane,PHYS
Ryan Schuster,rsc2927@lionstate.edu,18,32024,9364817680,M,fcksdooc,8131 Elizabeth Ave.,CSE
Mr. Yvette Gislason,myv4130@lionstate.edu,22,72432,8349292703,M,p5xjrgpy,8687 N. Sleepy Hollow Court,IST
Mohammed Von,mvo3769@lionstate.edu,22,30467,3895685166,F,hxmroy2c,3 North Linden Ave.,DS
Vivien Will,vwi2326@lionstate.edu,21,62087,2439011040,F,wi14inop,780 East Redwood Drive,CMPEN
Nadia Renner,nre9702@lionstate.edu,19,94512,6312171601,F,o0u7wza2,6 Andover Dr.,ECON
Mrs. Albertha Kautzer,mal1707@lionstate.edu,21,81410,4661727408,F,0we09v6f,780 East Redwood Drive,PHYS
Mossie Considine,mco8919@lionstate.edu,20,50238,6653031846,F,1kwxyx73,8985 Cambridge Ave.,IST
Lavina Goodwin,lgo6567@lionstate.edu,20,33062,9394699891,F,28g2dueo,232 W. Homewood Ave.,EE
Stefanie Haley,sha4650@lionstate.edu,19,91915,4905138789,F,5qe7bghc,120 Heritage Lane,DS
Markus Turcotte DDS,mtu7648@lionstate.edu,18,31771,2949385257,M,s0t63ppx,798 North Euclid Drive,CHEM
Loyce Torphy,lto6036@lionstate.edu,21,93449,9921585593,M,jajxpr7a,336 Myrtle Street,IST
Jeremie Watsica,jwa5124@lionstate.edu,22,93240,9282338129,M,5x3nzy2o,63 Lake Forest Road,IST
Kenyon Rohan,kro8698@lionstate.edu,19,30557,7232952623,M,w8igr7b2,863 Stillwater Road,STAT
Napoleon Fay,nfa5557@lionstate.edu,18,62666,8066765997,F,kh25zijo,453 North Elm Dr.,CSE
Melvin D'Amore,md'3250@lionstate.edu,22,94070,5322988722,M,ryu3o2mq,7195 North Canterbury Circle,DS
Miss Brain Altenwerth,mbr4721@lionstate.edu,22,47340,7271370727,M,n2dfub1z,3 North Linden Ave.,CSE
Marcel Kihn,mki9627@lionstate.edu,18,6262,5412155700,F,vdpmots3,78 South Brewery Ave.,STAT
Ms. Katlynn Mills,mka2323@lionstate.edu,22,92887,9567631546,M,fxkpjvr8,259 Cleveland Road,CSE
Olin Connelly,oco4309@lionstate.edu,20,93631,2538322913,F,x4wzwl35,863 Stillwater Road,DS
Kevin Mante,kma2934@lionstate.edu,20,86433,9415365641,M,brhbtpp6,336 Myrtle Street,PHYS
Jerrold Schiller,jsc1133@lionstate.edu,18,93930,8571860599,M,c3ixaudm,8378 West Pulaski Ave.,IST
Juanita Wilderman,jwi1131@lionstate.edu,20,50208,6259941337,F,95kymlws,9236 El Dorado St.,CHEM
Vernice Langworth,vla3135@lionstate.edu,18,47584,3476574518,F,jxdqxajo,9659 Rosewood Drive,CSE
Pink Haag,pha3837@lionstate.edu,19,81615,6699345334,M,704ilqhr,358 Marvon Ave.,STAT
Miss Daren Kessler,mda8856@lionstate.edu,19,61740,9237742228,M,mij0lo81,8131 Elizabeth Ave.,CSE
Junior Heathcote,jhe9677@lionstate.edu,19,72118,9651616063,M,2fi47lk3,285 Dogwood Drive,EE
Mohammed White,mwh8884@lionstate.edu,19,72520,9143590296,F,ylozvj4o,182 Spring Street,EE
Lionel Daniel,lda8145@lionstate.edu,20,81623,4677875952,F,fpqano7u,141 Gulf Rd.,DS
Mr. Catharine Johns,mca2641@lionstate.edu,20,96113,7242518981,F,vvni2kh3,18 Lakeview Street,CMPEN
Lucile Gislason,lgi8755@lionstate.edu,20,85085,6463716796,M,bc4le940,182 Spring Street,STAT
Ms. Malinda Greenfelder,mma7996@lionstate.edu,19,6384,9286531541,F,13kvwsjo,232 W. Homewood Ave.,ECON
Reyes Cormier,rco1350@lionstate.edu,21,50153,2032758990,M,gbqtku3c,7 Arch Court,IST
Miss Zechariah Kulas,mze1101@lionstate.edu,20,32925,7523299214,F,ro0wghzu,6 Andover Dr.,PHYS
Mrs. Leonard Bosco,mle8029@lionstate.edu,22,6370,7758421807,F,c03gkbjx,55 Hall St.,EE
Nina Hilll,nhi9400@lionstate.edu,21,92624,8609137362,M,lo21i5t7,8687 N. Sleepy Hollow Court,CHEM
Maritza Schaefer,msc7404@lionstate.edu,21,92024,8902480260,M,fjh8si60,119 Harvey Street,ECON
Marlin Pfannerstill,mpf1895@lionstate.edu,19,31007,1458877247,M,93lugexr,78 South Brewery Ave.,EE
Lulu Jakubowski,lja7548@lionstate.edu,19,94965,3227326136,M,f0kf14lp,9498 Newport Ave.,CMPSC
Skye Robel Jr.,sro1687@lionstate.edu,20,80005,7675010360,F,kb3tlio2,18 Lakeview Street,CHEM
Mr. Tiana Glover,mti1005@lionstate.edu,19,34470,6225337150,M,pqq8z7sr,88 Harrison Street,CSE
Leonor Davis,lda3697@lionstate.edu,21,62610,4735427411,F,n7qps904,639 Princeton Rd.,EE
Sterling Volkman Sr.,svo1567@lionstate.edu,20,50420,6724975421,F,72khyt24,655 East Branch Dr.,PHYS
Kylie Fay,kfa7315@lionstate.edu,19,94547,1973800908,M,5wy4bon0,285 Dogwood Drive,CMPSC
Robb Hegmann,rhe3959@lionstate.edu,18,46181,6284456171,F,meon7rzi,608 North Addison St.,PHYS
Victoria Toy II,vto8500@lionstate.edu,18,6026,3225122861,M,sls2audw,860 Wakehurst Dr.,STAT
Lysanne Ullrich,lul2667@lionstate.edu,19,90017,9702158794,M,ptc0b1y3,358 Marvon Ave.,EE
Loma Becker PhD,lbe3298@lionstate.edu,22,62530,3717226857,M,95zc0rwz,285 Dogwood Drive,STAT
Karson Bashirian MD,kba3267@lionstate.edu,22,60043,1487874874,M,zuqm5kpu,7529 Old Sunset Road,CSE
Rose Veum,rve7599@lionstate.edu,19,30215,7703407913,M,xwdu18y9,308 Mammoth Dr.,CSE
Miss Lora Will,mlo5294@lionstate.edu,22,33936,3852723836,F,oamszhnw,185 E. Trenton Street,CMPSC
Mrs. Joanny Legros,mjo3251@lionstate.edu,22,52216,2473811160,M,5ocovp3j,26 Johnson St.,CMPSC
Josefina Frami,jfr4395@lionstate.edu,19,72176,2074620632,F,f9se8wwm,8985 Cambridge Ave.,EE
Luisa Turcotte,ltu9306@lionstate.edu,19,83815,7575746070,F,fws0qxaz,7450 West Manchester Street,STAT
Jace Swift,jsw5249@lionstate.edu,19,47959,1739752641,M,kyknbv85,285 Dogwood Drive,MATH
Rae Feil,rfe9835@lionstate.edu,22,60474,1588062443,M,1dig79sf,285 Dogwood Drive,IST
Joanny Stracke,jst9690@lionstate.edu,20,30701,1914982922,F,nq4112q9,608 North Addison St.,EE
Kailyn Kassulke V,kka3493@lionstate.edu,20,50634,3975105666,M,sgdlqet1,9498 Newport Ave.,CMPSC
Ms. Raoul Lang,mra5395@lionstate.edu,22,80631,2466899707,F,k6uyidbm,88 Harrison Street,CMPSC
Vella Ernser,ver7410@lionstate.edu,19,6785,4547185091,F,mk737jwg,798 North Euclid Drive,CMPEN
Ms. Lori Luettgen,mlo6590@lionstate.edu,22,47940,7718304270,F,u9x7dz70,91 S. Gartner Street,CMPEN
Lucienne Dicki MD,ldi8835@lionstate.edu,21,72513,9521838916,F,609akvrd,963 Court Road,ECON
Jared Kunde,jku5047@lionstate.edu,18,46760,7798511396,M,94qak42y,88 Harrison Street,STAT
Isabel Nader,ina3083@lionstate.edu,21,52341,1962198158,M,41gfy1ej,6 Andover Dr.,IST
Patsy Beer,pbe5438@lionstate.edu,20,31623,2033001056,M,skf5ui3q,266 Second Street,PHYS
Rosendo Friesen,rfr7251@lionstate.edu,20,32024,8817991287,F,dok8nl9x,9236 El Dorado St.,CSE
Miss Nikki Kassulke,mni1754@lionstate.edu,22,30275,7837785888,M,1vfo45w7,8131 Elizabeth Ave.,PHYS
Savannah Maggio,sma6410@lionstate.edu,20,34491,3375574921,M,49xkwq6n,120 Heritage Lane,CMPEN
Lucinda Jakubowski,lja5065@lionstate.edu,21,33763,3246739125,M,f2hkrocp,185 E. Trenton Street,EE
Wilfred Runolfsson,wru6659@lionstate.edu,20,60653,3451666217,F,f2ey91az,639 Princeton Rd.,EE
Wilma Legros,wle7976@lionstate.edu,20,61377,7105441171,F,ij8sdkw9,63 Lake Forest Road,CSE
Julie Rice,jri3730@lionstate.edu,19,94041,7146304182,M,xmiiavzz,336 Myrtle Street,CMPEN
Nettie Schowalter,nsc1496@lionstate.edu,21,30034,2499327254,M,4wks1yn1,182 Spring Street,ECON
Mr. Shanny Haag,msh8653@lionstate.edu,18,31630,3913166113,M,66krk2ow,9420 Tallwood Street,ECON
Newton Ankunding,nan2109@lionstate.edu,18,72126,7429084909,F,8tayuxnr,495 Jockey Hollow Ave.,DS
Loyal Schamberger,lsc8583@lionstate.edu,21,46148,8916369391,F,hrj3gm5t,63 Lake Forest Road,EE
Simone Mayert,sma9638@lionstate.edu,18,95709,7455474726,M,06f3jir4,8687 N. Sleepy Hollow Court,STAT
Roger Roob,rro3378@lionstate.edu,18,19936,6625501156,F,euho4xy8,798 North Euclid Drive,PHYS
Logan Wolf,lwo9519@lionstate.edu,20,81024,5511094114,M,l2c6cn16,798 North Euclid Drive,IST
Isaiah Lakin,ila1616@lionstate.edu,19,52254,3822251786,F,01idi3cu,120 Heritage Lane,EE
Miss Giovani Fisher,mgi5972@lionstate.edu,21,66058,4326844400,M,kz3zir6z,259 Cleveland Road,CMPSC
Muriel Orn Jr.,mor3944@lionstate.edu,19,33001,1095023253,F,ginqor0y,91 S. Gartner Street,MATH
Pinkie Wilkinson,pwi6256@lionstate.edu,21,32708,4366217650,F,to134xcj,119 Harvey Street,STAT
Lenny Mante,lma5523@lionstate.edu,22,6883,6117235201,F,lmddz47s,7 Arch Court,ECON
Mr. Jaylin Kautzer,mja9477@lionstate.edu,21,30104,5394925840,M,zlergoka,91 S. Gartner Street,IST
Pearlie Connelly,pco3542@lionstate.edu,22,61919,1048213834,M,g6gquwns,358 Marvon Ave.,PHYS
Michaela Frami,mfr1531@lionstate.edu,18,83283,4491122827,F,byrmhkrc,8687 N. Sleepy Hollow Court,IST
Johnny Breitenberg I,jbr5742@lionstate.edu,18,47841,1433886781,F,79r2lk38,88 Harrison Street,CMPSC
Ms. Adah Bode,mad6762@lionstate.edu,18,83622,7417043584,M,v8a0upa6,7313 Stillwater Lane,CSE
Lysanne Frami,lfr5699@lionstate.edu,19,31567,7527897424,M,r5ewbudh,798 North Euclid Drive,PHYS
Jonathon Huel,jhu6059@lionstate.edu,22,30720,4525186794,M,8d3tdd6n,9659 Rosewood Drive,EE
Reva Bayer,rba4716@lionstate.edu,18,80453,8047713342,F,6j8qtf9g,655 East Branch Dr.,CSE
Ms. Raina Schmidt,mra1173@lionstate.edu,22,93455,5425348934,F,9tc1sf4b,655 East Branch Dr.,CSE
Marco Larson,mla7040@lionstate.edu,20,93207,8573071401,M,kv6p91kt,608 North Addison St.,PHYS
Mr. Kelton Kertzmann,mke5035@lionstate.edu,21,62035,6608652249,F,bisj7cvm,9659 Rosewood Drive,PHYS
Nicolas Cummerata,ncu7389@lionstate.edu,19,80457,4222302111,F,b09izvbz,6 Andover Dr.,STAT
Mrs. Joannie Dibbert,mjo9620@lionstate.edu,21,60503,4373709280,F,n4v8hqyq,7450 West Manchester Street,IST
Mallie Eichmann,mei1629@lionstate.edu,20,81248,6227287672,M,qmpyhkgz,4 Old Academy Drive,STAT
Mr. Keyshawn Cassin,mke4315@lionstate.edu,18,80720,9872124559,M,4zfuvuep,141 Gulf Rd.,PHYS
Miss Yolanda Pfannerstill,myo1601@lionstate.edu,22,52588,6057110393,M,ixfwzeh2,182 Spring Street,CMPEN
Jensen McDermott,jmc9625@lionstate.edu,18,61323,1711549778,M,fhsc0rqw,7195 North Canterbury Circle,EE
Ursula Fadel,ufa3951@lionstate.edu,22,83316,5641077462,F,yohr8drf,185 E. Trenton Street,MATH
Madeline Renner,mre4255@lionstate.edu,20,62065,5917708018,M,dud61mbj,860 Wakehurst Dr.,DS
Mac Bailey,mba6793@lionstate.edu,18,80721,3595611595,F,yqz5bgrm,232 W. Homewood Ave.,CHEM
Jakob Kuvalis,jku3642@lionstate.edu,18,62053,1466758804,F,dngxq5hi,266 Second Street,IST
Yadira Schinner,ysc5785@lionstate.edu,18,52052,7561633471,M,n5bplqw8,88 Harrison Street,CSE
Roxanne Fritsch,rfr5648@lionstate.edu,22,95699,5864409152,M,3phvh9ch,18 Lakeview Street,CMPSC
Nicolas O'Reilly,no'3158@lionstate.edu,19,95682,3248809033,M,yko7qfpk,7529 Old Sunset Road,CSE
Lisette Connelly,lco5380@lionstate.edu,19,80836,2153181854,F,zl5y07yb,63 Lake Forest Road,IST
Orrin Herman IV,ohe2838@lionstate.edu,22,32509,7041485823,M,xa4qupgs,9420 Tallwood Street,ECON
Jewel Cole,jco2499@lionstate.edu,22,50857,3949669069,F,smelkveu,7195 North Canterbury Circle,IST
Mariam Mills,mmi5755@lionstate.edu,19,81067,6348114133,F,qfnrr7q6,461 Heather Street,CMPEN
Jasen Hand,jha5858@lionstate.edu,19,96818,2181906012,M,e44gixtz,963 Court Road,DS
Irwin Kreiger,ikr7411@lionstate.edu,20,91950,3663619460,M,wd6c5b8t,7297 Applegate St.,DS
Thurman Kessler,tke8544@lionstate.edu,21,60515,8266342410,F,lcxh50pn,963 Court Road,DS
Tobin Schinner PhD,tsc4447@lionstate.edu,21,94305,8628781391,M,ilnv4fc7,7764 Union Avenue,EE
Karen Ritchie,kri1586@lionstate.edu,20,85615,4112030604,M,nejwj0g9,78 South Brewery Ave.,DS
Robert Krajcik,rkr9745@lionstate.edu,19,47558,8742787356,F,fbcoyeuk,708 York Dr.,PHYS
Sophia Graham,sgr1392@lionstate.edu,21,62841,3997995256,M,jau0vvp1,232 W. Homewood Ave.,CMPEN
Judson Lubowitz,jlu8446@lionstate.edu,21,6762,6931764598,F,ekgc03iz,461 Heather Street,DS
Kelly Harber,kha2564@lionstate.edu,19,50560,9049089503,F,r6lql7ka,78 South Brewery Ave.,IST
Mr. Elliott Gibson,mel9711@lionstate.edu,18,94933,2809940058,F,du07mr15,8687 N. Sleepy Hollow Court,DS
Johnnie Little,jli1535@lionstate.edu,19,47385,7388943623,M,avrak6tf,358 Marvon Ave.,IST
Stephany Weissnat,swe4161@lionstate.edu,18,51007,5126105847,F,genhnfwu,7130 Longfellow Dr.,PHYS
Kiley Howe,kho2978@lionstate.edu,20,50120,6035727543,M,297q8crc,963 Court Road,CMPSC
Mariana Nicolas Jr.,mni8737@lionstate.edu,19,32951,3402751428,F,mvoktbee,78 South Brewery Ave.,CHEM
Mr. Therese Sauer,mth7915@lionstate.edu,18,30206,9007215536,M,u61545ij,780 East Redwood Drive,STAT
Pedro Fadel,pfa7621@lionstate.edu,20,93925,2074521789,F,voqefyok,8687 N. Sleepy Hollow Court,CMPEN
Mafalda Cremin,mcr6774@lionstate.edu,19,83627,3818459178,M,e59cih6r,639 Princeton Rd.,EE
Mrs. Vesta Aufderhar,mve7191@lionstate.edu,21,50027,1633676967,F,fw1vmu6d,8401 Green Rd.,CHEM
Kari Kunze,kku3945@lionstate.edu,22,52550,5766377616,M,59hg8iiw,63 Lake Forest Road,CMPSC
Otis Kirlin,oki8339@lionstate.edu,20,86545,8942468432,M,sv6m90rj,608 North Addison St.,ECON
Miss Tianna Beatty,mti9840@lionstate.edu,21,52751,6787335758,F,nruazyy2,285 Dogwood Drive,DS
Laurel Bogan,lbo3169@lionstate.edu,21,94938,6491505606,F,0384qogi,9408 Anderson Court,CHEM
Lane Hilpert,lhi8879@lionstate.edu,20,93553,6384088210,M,9wsxm9n2,6 Andover Dr.,STAT
Mertie Nicolas,mni9530@lionstate.edu,22,32656,8012273265,F,2s38fy1y,655 East Branch Dr.,CHEM
Karley Abbott Sr.,kab2618@lionstate.edu,20,31016,9493739775,F,2vicyb49,232 W. Homewood Ave.,ECON
Tremaine Turcotte III,ttu9759@lionstate.edu,21,72103,2763080312,M,v08qy7ak,7450 West Manchester Street,CMPSC
Maci Runolfsson,mru8732@lionstate.edu,21,81501,6357040209,F,atpig6cx,461 Heather Street,IST
Miss Aurore Jacobi,mau5121@lionstate.edu,18,93242,7172442077,M,ohnzfbua,461 Heather Street,IST
Ms. Reuben Donnelly,mre1486@lionstate.edu,19,46118,1566790236,M,0ofwccee,361 E. Sierra Street,CHEM
Oren Simonis MD,osi6913@lionstate.edu,19,80924,5432544725,F,rbm7nj0l,18 Lakeview Street,CSE
Miss Isabell Corwin,mis3774@lionstate.edu,18,32204,5917605405,F,l6qnsfh8,780 East Redwood Drive,MATH
Misty Jenkins,mje1517@lionstate.edu,22,85201,6811937505,F,kl1qwhlb,185 E. Trenton Street,CMPEN
Priscilla White,pwh2002@lionstate.edu,20,52747,9306737427,M,yxkcwdgq,18 Lakeview Street,CSE
Jules Oberbrunner,job4068@lionstate.edu,21,52728,8781629198,F,e83hpu1t,708 York Dr.,IST
King Lebsack,kle7587@lionstate.edu,18,31906,5057839967,F,8wb1rxkk,251 West Sheffield Drive,STAT
Naomie Sporer,nsp6459@lionstate.edu,21,50116,7287859520,F,vhqlpsxm,461 Heather Street,EE
Vladimir Reichert,vre1108@lionstate.edu,19,32359,4456320903,M,x1pcj1lj,7529 Old Sunset Road,MATH
Milford Koepp,mko8498@lionstate.edu,20,93260,6098525739,M,0mw55wlu,9659 Rosewood Drive,STAT
Trent Schamberger,tsc3180@lionstate.edu,22,96038,9439374882,M,nu5j89vv,8687 N. Sleepy Hollow Court,IST
Meredith Jenkins,mje1294@lionstate.edu,20,51555,7361960684,F,b7vlqf67,119 Harvey Street,MATH
Kaci Parker,kpa6358@lionstate.edu,20,85706,6326652525,F,7ju36d6x,608 North Addison St.,MATH
Macey Emmerich,mem5259@lionstate.edu,20,32626,8229536304,F,3bo30fmd,9408 Anderson Court,PHYS
Lambert Hermiston,lhe3177@lionstate.edu,20,52335,6754912126,F,7w0nvvdk,63 Lake Forest Road,DS
Kale Ankunding,kan9497@lionstate.edu,19,50254,6645075597,M,zueofsd7,963 Court Road,CMPEN
Wiley Anderson,wan2968@lionstate.edu,18,33924,6256240304,F,w243ok57,9236 El Dorado St.,DS
Liam Adams,lad3683@lionstate.edu,20,32968,5343353275,M,vbh4oyvh,185 E. Trenton Street,CHEM
Kaci Lynch,kly7755@lionstate.edu,19,32607,3487167058,F,cv1y6th1,141 Gulf Rd.,IST
Jett Hamill,jha3938@lionstate.edu,21,31823,4484285093,F,s3hc5no3,8378 West Pulaski Ave.,CHEM
Simone Brekke,sbr1332@lionstate.edu,19,39845,1082903503,M,j7r0a57m,308 Mammoth Dr.,CHEM
Keshaun Bailey DDS,kba3474@lionstate.edu,18,85381,1315556023,F,rra42qn8,608 North Addison St.,DS
Lavon VonRueden,lvo2571@lionstate.edu,22,81023,6042639890,F,v7zygrtm,8378 West Pulaski Ave.,CHEM
Max Trantow,mtr1113@lionstate.edu,21,83254,3684776512,M,wsm19ofu,7764 Union Avenue,CMPEN
Zetta Predovic,zpr3563@lionstate.edu,20,67801,4088991818,F,d3dgrdyb,8401 Green Rd.,CSE
Meredith Runolfsdottir,mru2747@lionstate.edu,21,91763,7321132322,F,7parpwv4,119 Harvey Street,IST
Westley Smith,wsm1648@lionstate.edu,21,32162,5776339450,F,teicrr0i,120 Heritage Lane,ECON
Laura Windler,lwi5095@lionstate.edu,22,47868,2157652487,F,4zg52bmc,7450 West Manchester Street,DS
Mrs. Shaylee Grady,msh2018@lionstate.edu,22,51026,3508749824,F,r5rdlt3p,232 W. Homewood Ave.,MATH
Modesto Jast,mja9753@lionstate.edu,22,80442,1455462055,M,hqz70t65,232 W. Homewood Ave.,CMPSC
Jayson Conroy,jco7511@lionstate.edu,20,93722,5551845582,M,eo12cwf1,91 S. Gartner Street,CHEM
Maia Jaskolski,mja4678@lionstate.edu,20,52228,9141156609,F,1ugb9cmy,63 Lake Forest Road,CMPSC
Jeramie Zieme,jzi6855@lionstate.edu,18,33521,8003330817,F,k5yvaa0l,182 Spring Street,PHYS
Vergie Olson I,vol8061@lionstate.edu,19,66748,5758562904,F,2bydpo29,655 East Branch Dr.,CMPEN
Katarina Stroman,kst3418@lionstate.edu,20,50167,1311479300,F,rhxt4g5n,8401 Green Rd.,STAT
Mr. Tyra Kertzmann,mty4698@lionstate.edu,18,46704,1597070175,F,exvtqnja,8378 West Pulaski Ave.,CSE
Wilhelm Schroeder,wsc7930@lionstate.edu,20,62907,8209958576,M,zypbenkp,141 Gulf Rd.,CMPSC
Mrs. Darren Stokes,mda7609@lionstate.edu,20,72828,1166814666,F,uv6lyhx1,141 Gulf Rd.,CMPEN
Tiffany Hintz,thi1019@lionstate.edu,18,30004,9698336054,M,h9on7qnt,798 North Euclid Drive,ECON
Meggie Heaney,mhe4861@lionstate.edu,18,33744,5622868529,M,62pu6wfu,6 Andover Dr.,STAT
Valentin Koch,vko8312@lionstate.edu,21,71865,4348680611,M,651y3i92,6 Andover Dr.,ECON
Magnolia Hauck,mha1378@lionstate.edu,21,20037,6609300331,M,un370oka,251 West Sheffield Drive,ECON
Willy Witting,wwi6147@lionstate.edu,21,67625,2674195979,F,kj60tdn2,453 North Elm Dr.,MATH
Mertie Kessler,mke9858@lionstate.edu,18,85029,9171231993,M,85455s3q,7529 Old Sunset Road,MATH
Ubaldo Brakus,ubr7160@lionstate.edu,19,80914,7248565345,F,x506uggh,26 Johnson St.,IST
Lorenza Herzog,lhe8423@lionstate.edu,19,61320,5778016180,M,v3gdwdc5,4 Old Academy Drive,CSE
Kassandra Feeney,kfe1479@lionstate.edu,18,52041,3765733289,M,kugxq36s,639 Princeton Rd.,IST
Sarina Brakus,sbr8378@lionstate.edu,21,95350,7737054591,M,wxsmyx7m,358 Marvon Ave.,IST
Ms. Novella Leannon,mno6831@lionstate.edu,19,85924,5552747844,M,jp6g9t7o,26 Johnson St.,MATH
Ulices Greenholt,ugr7753@lionstate.edu,22,93226,1807621191,F,dxkepcty,863 Stillwater Road,CMPSC
Trisha Kutch,tku9442@lionstate.edu,20,62294,3767992226,M,qecf5aq9,708 York Dr.,IST
Isadore Bednar,ibe6293@lionstate.edu,19,6114,5148660351,M,uua3sa2w,9408 Anderson Court,CMPEN
Oda Satterfield III,osa9043@lionstate.edu,18,32065,5058863325,M,mjn5h1ar,55 Hall St.,CMPSC
Niko Effertz,nef4231@lionstate.edu,19,61605,2961455228,M,zyidgkic,26 Johnson St.,IST
Vivian Grady,vgr9708@lionstate.edu,20,52336,4007602098,M,mngwzy70,608 North Addison St.,ECON
Mr. Rashad Haley,mra2135@lionstate.edu,18,95841,8902483020,M,64l3koc2,63 Lake Forest Road,CMPEN
Kyler Marvin,kma6272@lionstate.edu,22,30734,4582100690,F,ogioyglf,336 Myrtle Street,EE
Sarai Jakubowski,sja8550@lionstate.edu,22,52202,8687411598,M,s90gbel7,9420 Tallwood Street,PHYS
Wilfrid Rath,wra7675@lionstate.edu,21,83354,8201409867,M,aqiwjran,9420 Tallwood Street,CMPSC
Mr. Rosario Breitenberg,mro4234@lionstate.edu,21,67144,2795082165,F,wdej56s0,7 Arch Court,CHEM
Miss Alayna Simonis,mal5609@lionstate.edu,18,51631,2528643501,M,a771edmk,7764 Union Avenue,ECON
Melissa Green,mgr9180@lionstate.edu,22,72959,9217104672,F,0chfsvgv,9236 El Dorado St.,CHEM
Lauryn Hayes,lha7423@lionstate.edu,19,92595,9185406650,F,yc5lx7ko,78 South Brewery Ave.,PHYS
Zachariah Ritchie,zri4748@lionstate.edu,19,32835,8462684873,M,ox4oj6bk,7764 Union Avenue,PHYS
Jayde Gutkowski,jgu4126@lionstate.edu,21,33165,8518534654,F,ur67r649,863 Stillwater Road,PHYS
Oral Kozey,oko6508@lionstate.edu,21,93013,8249370325,M,w4lw74bb,78 South Brewery Ave.,PHYS
Michael Weber,mwe9386@lionstate.edu,20,95606,2683513053,F,gw0fvr67,285 Dogwood Drive,CHEM
Skyla Maggio,sma8371@lionstate.edu,22,62049,2355836986,M,vxoiplyk,780 East Redwood Drive,CSE
Ms. Nickolas Stoltenberg,mni4053@lionstate.edu,22,60410,7182529846,M,v0ao01h6,8401 Green Rd.,CMPSC
Rosanna Mayer,rma4418@lionstate.edu,19,6070,7571983272,F,hvp8c1pa,8131 Elizabeth Ave.,ECON
Jaiden Little,jli6782@lionstate.edu,19,72856,7588930385,M,0plitcjo,185 E. Trenton Street,CSE
Ms. Lindsay Trantow,mli4220@lionstate.edu,18,80612,6713023781,F,y5vg4l0f,9659 Rosewood Drive,DS
Pierce Hettinger,phe8657@lionstate.edu,21,72434,5009519689,F,ri2ema2v,798 North Euclid Drive,CSE
Mr. Alexandria Graham,mal7301@lionstate.edu,18,46771,9253448754,M,c4mxuuqi,55 Hall St.,CHEM
Pearlie Purdy,ppu8310@lionstate.edu,19,96120,3332947413,F,o1fefu43,639 Princeton Rd.,ECON
Vada Kerluke,vke5227@lionstate.edu,20,51572,7039938740,M,ids1tqkg,780 East Redwood Drive,STAT
Raymond Oberbrunner Sr.,rob6329@lionstate.edu,20,80477,8157436784,M,ekfvrwnv,308 Mammoth Dr.,EE
Tess Farrell,tfa8623@lionstate.edu,18,6078,2713446513,M,bbub3bn6,495 Jockey Hollow Ave.,STAT
Providenci Mitchell,pmi9309@lionstate.edu,21,72206,6724615581,M,5jaf22em,9236 El Dorado St.,PHYS
Kaci Runolfsdottir,kru3278@lionstate.edu,21,86033,4362855985,F,4l677h7b,7 Arch Court,STAT
Mr. Tyshawn Rice,mty9244@lionstate.edu,18,94102,9054148275,F,lugv35xs,63 Lake Forest Road,CHEM
Tremaine Williamson DDS,twi9118@lionstate.edu,20,72553,9238044565,F,v8vwyn9u,259 Cleveland Road,ECON
Ova Legros,ole5149@lionstate.edu,19,50430,4421719190,F,sjh2j7al,120 Heritage Lane,ECON
Jasen Walker IV,jwa8464@lionstate.edu,22,72553,5311048660,F,7b5mmk0k,87 Vermont St.,CMPSC
Orie Kunde,oku5496@lionstate.edu,21,81650,9458840883,F,0mtlfueb,88 Harrison Street,EE
Pablo Shields,psh1860@lionstate.edu,18,33455,4523475135,M,0btsy90l,251 West Sheffield Drive,MATH
Mrs. Paolo Runolfsdottir,mpa1813@lionstate.edu,20,81624,6629011071,F,yvw13vva,259 Cleveland Road,MATH
Stuart Murray,smu1729@lionstate.edu,21,91948,8806712654,M,4ubv2rui,7450 West Manchester Street,IST
Timothy Dibbert V,tdi3644@lionstate.edu,20,80863,6179107118,M,jqnrvtrh,7297 Applegate St.,MATH
Shania Mayer II,sma4679@lionstate.edu,18,80498,4181596609,M,evr5of46,8985 Cambridge Ave.,PHYS
Jolie Pagac,jpa9861@lionstate.edu,20,50212,7882680783,M,glomie2r,461 Heather Street,ECON
Miss Garfield Considine,mga8559@lionstate.edu,18,90210,8685504022,M,97wpdce3,361 E. Sierra Street,CMPSC
Stephania Gusikowski,sgu3389@lionstate.edu,19,46048,4572338773,M,l1gmkdot,358 Marvon Ave.,PHYS
Lauretta Ortiz,lor8820@lionstate.edu,19,33158,4707633674,M,2egyxxlf,780 East Redwood Drive,PHYS
Ms. Luisa Hackett,mlu8397@lionstate.edu,21,96863,2205465939,F,njqkhbk1,182 Spring Street,CMPEN
Jarrett Strosin,jst3903@lionstate.edu,19,51006,9813657428,M,9omxaej6,358 Marvon Ave.,CMPSC
Miss Erika Champlin,mer6665@lionstate.edu,21,46992,8168631527,M,wlbwyq0u,55 Hall St.,EE
Ms. Broderick Rosenbaum,mbr3753@lionstate.edu,20,96073,7053017551,F,x55rpyay,8687 N. Sleepy Hollow Court,STAT
Sage Gottlieb,sgo5481@lionstate.edu,22,46740,5253887441,F,uspynxlx,91 S. Gartner Street,STAT
Laverne Toy,lto2510@lionstate.edu,21,61333,1295643215,M,du9dnihl,26 Johnson St.,IST
Piper Turner,ptu5897@lionstate.edu,18,6804,1744219539,M,lygiglih,3 North Linden Ave.,ECON
Wilhelm Cremin DDS,wcr6243@lionstate.edu,19,83706,7714135010,F,7pvgb1zz,963 Court Road,CMPEN
Miss Marcella Corkery,mma8740@lionstate.edu,19,72908,4832369509,M,v4zb3jgz,9599 La Sierra St.,ECON
Mr. Amely Brown,mam7283@lionstate.edu,20,83839,1319520365,M,jvu0nzlk,7764 Union Avenue,PHYS
Jensen Nitzsche,jni8513@lionstate.edu,22,83254,2506972248,F,qb44g4dk,266 Second Street,ECON
Miss Harmony Smitham,mha9412@lionstate.edu,22,33157,3923352386,F,2n5005op,285 Dogwood Drive,CMPSC
Jordan Hilpert,jhi5936@lionstate.edu,19,71933,4788713740,M,t4lokykc,9599 La Sierra St.,ECON
Shea Pacocha,spa3052@lionstate.edu,21,60619,5087049581,M,fsrrus7y,9599 La Sierra St.,EE
Vivienne Nolan,vno9310@lionstate.edu,18,93669,2896421730,M,vv66g921,259 Cleveland Road,ECON
Mr. Jamie Rolfson,mja6189@lionstate.edu,19,62671,8147743257,M,ucjic0w9,308 Mammoth Dr.,CMPEN
Mollie Hegmann,mhe4177@lionstate.edu,20,30683,7652894340,M,k6oyux03,3 North Linden Ave.,CMPEN
Mariano Price,mpr9723@lionstate.edu,19,61256,2593775871,F,michr3i2,863 Stillwater Road,DS
Mrs. Jamarcus Hintz,mja3480@lionstate.edu,22,34683,7926066406,F,5n7v2kpx,78 South Brewery Ave.,IST
Mrs. Pedro Hyatt,mpe6095@lionstate.edu,18,95922,9008923897,M,b0ik492k,87 Vermont St.,CMPSC
Mr. Rebeca Zieme,mre4504@lionstate.edu,20,91361,7913563230,F,k0nmx856,8687 N. Sleepy Hollow Court,STAT
Kamren Keebler,kke9934@lionstate.edu,21,47863,2429848318,M,erpw7yc1,863 Stillwater Road,CMPEN
Jaden Mayer,jma6502@lionstate.edu,22,72082,4617207625,F,t3cc9z99,185 E. Trenton Street,DS
Mrs. Murphy Torp,mmu3939@lionstate.edu,18,61863,7574474961,M,zhficzyu,141 Gulf Rd.,CMPEN
Jamie Reilly,jre6232@lionstate.edu,20,72438,4291445566,F,kbpsbr3f,7130 Longfellow Dr.,EE
Russell Quitzon,rqu7150@lionstate.edu,18,93452,1718817285,M,18039p3n,963 Court Road,MATH
Tyrell Fay,tfa8479@lionstate.edu,21,33407,5742760539,F,5pvjbo7e,285 Dogwood Drive,EE
Osvaldo Bogan,obo2257@lionstate.edu,21,52305,8031723095,M,ktfuzxp9,7130 Longfellow Dr.,CMPEN
Jerrold Dicki,jdi5599@lionstate.edu,20,61041,8303761985,M,9q2thys7,83 Corona Street,ECON
Napoleon Boyer,nbo5422@lionstate.edu,21,62207,2892566004,M,0nzzhtfv,7 Arch Court,CMPSC
Jolie Smitham,jsm3398@lionstate.edu,22,34237,6242245131,F,j3od3n4p,453 North Elm Dr.,CMPEN
Mrs. Trevor Brown,mtr9030@lionstate.edu,18,31058,3362842663,M,hol7b2mw,7130 Longfellow Dr.,PHYS
Tara Berge IV,tbe7837@lionstate.edu,19,62526,4149484145,M,f27vzunk,182 Spring Street,CHEM
Jaylen Feil,jfe5900@lionstate.edu,18,96109,9488982867,F,s0ar4vzh,8401 Green Rd.,PHYS
Mrs. Jaleel Runolfsson,mja9711@lionstate.edu,20,51346,2947108351,F,xoiyx6kc,8131 Elizabeth Ave.,DS
Stefanie Legros,sle7671@lionstate.edu,18,72522,6484916382,F,yf61naw6,63 Lake Forest Road,ECON
Will Gusikowski,wgu6997@lionstate.edu,18,31314,8456016939,F,wbaj93jd,860 Wakehurst Dr.,CHEM
Lauren Bahringer PhD,lba8615@lionstate.edu,18,31560,4165934945,F,dot0tf8n,78 South Brewery Ave.,DS
Kari Weber,kwe2447@lionstate.edu,21,47581,1843345418,F,gyuo6s68,963 Court Road,STAT
Leola DuBuque Sr.,ldu5279@lionstate.edu,21,92883,9335224237,F,fsj3c1kx,495 Jockey Hollow Ave.,CMPEN
Neva Berge,nbe7364@lionstate.edu,22,51571,6053696827,M,t3tb56et,8131 Elizabeth Ave.,MATH
Rupert Kemmer,rke3219@lionstate.edu,21,71859,1956880568,M,nqr175z6,9408 Anderson Court,CHEM
Vicenta Prosacco,vpr8721@lionstate.edu,22,95527,2531345470,F,1ud2uqwt,655 East Branch Dr.,CMPEN
Mr. Braulio Schultz,mbr8262@lionstate.edu,18,19941,2751108926,F,vf1lz76e,63 Lake Forest Road,MATH
Rubie Harvey,rha9484@lionstate.edu,19,61871,8321821439,M,l4kd44ir,9236 El Dorado St.,STAT
Levi Willms,lwi3851@lionstate.edu,18,92321,9002351597,M,7m8mr0xn,7764 Union Avenue,MATH
Mckayla Eichmann,mei3995@lionstate.edu,22,51350,8857439477,F,ffb2ht7r,120 Heritage Lane,MATH
Marjory Pfeffer,mpf9660@lionstate.edu,20,52728,1492382253,M,o3dr5v73,9236 El Dorado St.,PHYS
Una Stark PhD,ust9264@lionstate.edu,21,30082,3753171805,M,l35tyonq,358 Marvon Ave.,STAT
Miss Adolfo Lesch,mad9712@lionstate.edu,21,33442,8698592818,F,yd06ojzw,358 Marvon Ave.,CSE
Marisol Konopelski,mko2134@lionstate.edu,22,60408,5969271138,M,324dzpe5,7529 Old Sunset Road,MATH
Ms. Adrianna Hahn,mad4966@lionstate.edu,18,51010,7118275106,M,puhwjytc,639 Princeton Rd.,STAT
Verner Yundt,vyu4473@lionstate.edu,22,60475,3367751769,F,4dd4cw3t,141 Gulf Rd.,EE
Lionel West,lwe4861@lionstate.edu,19,93531,5302149060,M,psuozril,26 Johnson St.,IST
Noah Moore,nmo8196@lionstate.edu,20,71730,4552119384,F,iy1zte43,8985 Cambridge Ave.,PHYS
Nestor Baumbach PhD,nba2747@lionstate.edu,22,60503,3678835882,F,t317pzht,87 Vermont St.,CHEM
Marisa Schaden,msc4941@lionstate.edu,19,47453,7825100810,F,ap6zwdg6,7130 Longfellow Dr.,PHYS
Miracle Kerluke,mke8007@lionstate.edu,18,62002,5229337652,F,m7rl0est,7297 Applegate St.,ECON
Roxane Watsica,rwa1680@lionstate.edu,19,71913,1318170337,M,wzrfyu4b,3 North Linden Ave.,MATH
Marianna Runolfsdottir,mru5673@lionstate.edu,18,93950,8309595735,F,boobfpsc,141 Gulf Rd.,STAT
Kaylah Zieme,kzi2319@lionstate.edu,20,6016,3981098637,F,93fazlav,639 Princeton Rd.,CMPEN
Marques Langworth,mla8288@lionstate.edu,21,95237,6293576932,F,8u9m3vy0,120 Heritage Lane,ECON
Jayson Doyle,jdo5653@lionstate.edu,19,34442,1013477524,F,hm6f5dki,655 East Branch Dr.,CSE
Lexie Kuphal,lku1009@lionstate.edu,21,92672,3841865718,M,i86a0wes,9236 El Dorado St.,CMPEN
Jedediah Koch,jko6802@lionstate.edu,20,95492,4738799432,M,9xsuk73g,7297 Applegate St.,DS
Josue Weber,jwe6460@lionstate.edu,20,72201,5121621336,M,vzbjdv3k,4 Old Academy Drive,MATH
Zane Wunsch III,zwu7682@lionstate.edu,19,72031,5498709895,F,azwrgwfc,8131 Elizabeth Ave.,ECON
Juana Kris MD,jkr6557@lionstate.edu,21,60448,2804689355,M,mok0ne4f,18 Lakeview Street,CMPEN
Mr. Nicole Raynor,mni2107@lionstate.edu,22,81430,3895736341,F,9w0dzvox,3 North Linden Ave.,PHYS
Patience Hackett,pha6738@lionstate.edu,22,95816,3868609427,M,vi91ma60,9420 Tallwood Street,IST
Jessy Leannon,jle1023@lionstate.edu,19,93664,1183301150,F,cort4ur0,7 Arch Court,PHYS
Mattie Jerde,mje1028@lionstate.edu,21,80122,8472213601,F,n1dy26kb,7195 North Canterbury Circle,PHYS
Nils Simonis,nsi9812@lionstate.edu,19,90241,3444148311,M,dolqvilg,8401 Green Rd.,EE
Lola Rau,lra3866@lionstate.edu,19,96034,3341364844,F,u6hzmqce,453 North Elm Dr.,CHEM
Miss Esperanza Macejkovic,mes5352@lionstate.edu,19,91702,2064475171,M,h6596pmb,185 E. Trenton Street,IST
Mrs. Ciara Watsica,mci7103@lionstate.edu,18,31789,6166741478,F,9e902fh5,461 Heather Street,DS
Jeramy Kessler,jke2667@lionstate.edu,19,50439,3832716350,F,tc7wzen5,9498 Newport Ave.,EE
Kim Brown,kbr9764@lionstate.edu,22,93624,7708253520,F,bb20e3eo,182 Spring Street,MATH
Kiley Quitzon,kqu2179@lionstate.edu,19,66418,5396666150,M,ncauyhl8,860 Wakehurst Dr.,MATH
Miss Jaeden Wehner,mja2485@lionstate.edu,18,30233,8598964009,F,50ios7oc,6 Andover Dr.,CHEM
Trenton Price,tpr8421@lionstate.edu,22,80498,6494616697,F,7xngmflx,185 E. Trenton Street,CHEM
Mrs. Elvie Langosh,mel3476@lionstate.edu,22,61091,5734086448,M,koq3w7uq,91 S. Gartner Street,MATH
Kyler Becker,kbe8997@lionstate.edu,19,66732,1444414208,F,qaim4nyr,9408 Anderson Court,PHYS
Selmer Romaguera V,sro2588@lionstate.edu,18,61364,9092819096,M,y8ctfvas,185 E. Trenton Street,IST
Jedediah Hahn,jha1078@lionstate.edu,18,33068,7639232874,M,r3fjawr3,7195 North Canterbury Circle,DS
Sedrick Prosacco,spr5193@lionstate.edu,22,51652,4052362441,M,ml2h208b,8985 Cambridge Ave.,PHYS
Phoebe Murazik I,pmu4370@lionstate.edu,19,62987,9659287653,F,7lkh0drk,285 Dogwood Drive,DS
Turner Leffler,tle9077@lionstate.edu,21,81001,9193044172,F,aw578ax6,453 North Elm Dr.,CSE
Izabella Murphy,imu2857@lionstate.edu,21,60920,8737804888,M,9fxd7jbx,7 Arch Court,PHYS
Spencer Doyle,sdo9870@lionstate.edu,18,31709,3487862635,M,h4s07rdo,860 Wakehurst Dr.,ECON
Penelope Okuneva,pok5286@lionstate.edu,21,50633,3928924740,M,ip7d5auz,55 Hall St.,MATH
Wilburn O'Reilly Jr.,wo'7278@lionstate.edu,20,62976,5777206285,M,763l3i7c,91 S. Gartner Street,DS
Mr. Citlalli Kirlin,mci5246@lionstate.edu,20,32117,8402006380,M,29h5hyri,9408 Anderson Court,CSE
Mossie Marks,mma4189@lionstate.edu,18,19707,4143159588,M,qn3gf4jy,182 Spring Street,IST
Ned Bechtelar,nbe3401@lionstate.edu,22,51445,9429844199,F,0st9amrk,232 W. Homewood Ave.,STAT
Miss Mireya Dach,mmi9822@lionstate.edu,21,93513,3241974001,F,g7du1ojo,88 Harrison Street,EE
Virginia Hoppe,vho3800@lionstate.edu,18,34450,9653704390,M,xq61mjeu,336 Myrtle Street,CMPEN
Miss Idell McLaughlin,mid8120@lionstate.edu,22,83285,4387486639,M,m8xeqokb,7130 Longfellow Dr.,STAT
Janet Streich,jst5934@lionstate.edu,19,72567,8818253738,F,e96c7keo,266 Second Street,MATH
Martina Trantow,mtr4908@lionstate.edu,20,30752,3724914120,M,bo0jngmw,336 Myrtle Street,MATH
Octavia Hane,oha3028@lionstate.edu,19,47847,5273651547,F,f82kxu02,7764 Union Avenue,DS
Jeremy Boyer,jbo2807@lionstate.edu,20,33476,4857393283,F,v9ssce9g,655 East Branch Dr.,CMPEN
Juana Cronin,jcr6700@lionstate.edu,21,47455,1762762717,M,q9d9s6dq,7195 North Canterbury Circle,DS
Kane Satterfield,ksa5709@lionstate.edu,18,90001,7144860612,F,sl8woypo,7529 Old Sunset Road,CHEM
Stephon Bernier,sbe8426@lionstate.edu,22,6469,4613199933,M,2vzzya36,9599 La Sierra St.,CSE
Mr. Rudolph Littel,mru1547@lionstate.edu,21,46301,8353967790,F,l9hbj48g,9659 Rosewood Drive,IST
Sonya Nitzsche,sni6517@lionstate.edu,20,61438,3433995645,F,5yi7x0eo,78 South Brewery Ave.,ECON
Mr. Gudrun Dickinson,mgu2556@lionstate.edu,18,46011,4549235346,F,rl2cp87v,8687 N. Sleepy Hollow Court,CMPEN
Orland Rau,ora1051@lionstate.edu,18,92337,8474769967,M,kvn8iy42,9659 Rosewood Drive,CMPEN
Mrs. Deanna Wuckert,mde6918@lionstate.edu,20,92267,7045832630,M,vtosgz5l,780 East Redwood Drive,CHEM
Jarred Kutch,jku6715@lionstate.edu,18,81141,9682222839,F,s5sdwxe9,3 North Linden Ave.,CMPSC
Karine Davis,kda1105@lionstate.edu,22,90660,6419649443,F,ky47f40i,708 York Dr.,CSE
Miss Ottilie Dooley,mot4366@lionstate.edu,19,72821,6306648388,M,yj2pbwup,285 Dogwood Drive,CMPEN
Miss Guy Nader,mgu4156@lionstate.edu,21,95463,9418594243,F,2ah4ktzw,9236 El Dorado St.,CSE
Nikolas Moen,nmo6638@lionstate.edu,18,34232,7365674093,F,vlzywpvf,9408 Anderson Court,CSE
Sydnie Reichert,sre9441@lionstate.edu,19,62643,8539937111,M,iplj2xy6,9498 Newport Ave.,CSE
Merlin Ward,mwa9361@lionstate.edu,20,66860,1376656605,F,32646od4,798 North Euclid Drive,PHYS
Leatha Torp,lto9285@lionstate.edu,18,33403,3904082077,F,ey2211w5,8378 West Pulaski Ave.,CMPSC
Miss Bailee Bogan,mba8566@lionstate.edu,19,83548,7466111629,M,sh4xt2bg,119 Harvey Street,CSE
Stuart Cruickshank,scr5917@lionstate.edu,20,83836,5647298935,M,l1v69w0t,9599 La Sierra St.,EE
Ms. Alice Grady,mal6483@lionstate.edu,21,94028,3444201688,F,diy15lsc,7 Arch Court,STAT
Madison Beer,mbe7846@lionstate.edu,18,85551,8938145607,F,lb72y2as,9236 El Dorado St.,EE
Tremayne Bode,tbo6140@lionstate.edu,18,51363,6692960331,M,o7e5y5dx,120 Heritage Lane,CMPEN
Jocelyn Gibson,jgi1267@lionstate.edu,20,81133,1089845771,F,maqpunnl,7450 West Manchester Street,CMPEN
Yesenia Cruickshank,ycr2698@lionstate.edu,18,6413,1928584788,F,vq1nni34,9498 Newport Ave.,ECON
Nedra Langworth DDS,nla5784@lionstate.edu,20,83336,3853738895,F,5aoxsizv,63 Lake Forest Road,CMPSC
Miles Gottlieb,mgo7391@lionstate.edu,20,33618,4235394475,M,nxo2mwgf,308 Mammoth Dr.,ECON
Tobin Armstrong,tar1494@lionstate.edu,19,46792,4088360733,M,mklvq7ae,78 South Brewery Ave.,CHEM
Jerome Carroll,jca6758@lionstate.edu,22,61605,7747435349,F,shhpv8p7,7 Arch Court,CMPSC
Miss Roger Hermann,mro5260@lionstate.edu,21,51440,2802999790,F,02urjsak,453 North Elm Dr.,IST
Mrs. Jarod Hauck,mja5716@lionstate.edu,19,93551,8827206560,F,kcu3vjig,83 Corona Street,STAT
Lupe McClure V,lmc7976@lionstate.edu,21,46115,2405647274,F,j2sxy242,88 Harrison Street,IST
Ms. Tess Volkman,mte9606@lionstate.edu,22,72542,4221799990,M,pb0hfa5q,336 Myrtle Street,ECON
Marcelle Orn,mor8879@lionstate.edu,18,34996,5271289567,M,gx3wwjpy,87 Vermont St.,PHYS
Madeline Lowe,mlo6731@lionstate.edu,19,33635,4032650273,F,ncjwln3k,259 Cleveland Road,CSE
Miss Grayson Pagac,mgr1249@lionstate.edu,18,33129,2986945206,M,dougrd3c,9659 Rosewood Drive,CMPEN
Luisa Lynch II,lly4642@lionstate.edu,20,72717,8233322701,F,okou3evv,7195 North Canterbury Circle,MATH
Ms. Donavon Ferry,mdo7786@lionstate.edu,19,19902,2486083463,F,c1tkc0cu,83 Corona Street,PHYS
Jalen Dietrich DDS,jdi6068@lionstate.edu,21,52802,3869844762,M,ctrbgry4,83 Corona Street,PHYS
Stella Kohler,sko1421@lionstate.edu,18,46407,2216443811,F,o1kwtc35,78 South Brewery Ave.,DS
Mrs. Trisha Flatley,mtr7454@lionstate.edu,20,92549,5935197400,M,9pp8rq5t,308 Mammoth Dr.,CMPEN
Mireya McKenzie,mmc4653@lionstate.edu,20,50648,5063775369,F,scejc8la,7130 Longfellow Dr.,STAT
Nestor Willms,nwi5569@lionstate.edu,18,95556,5659925408,M,x6dvvxsz,7764 Union Avenue,PHYS
Trevor Douglas,tdo6032@lionstate.edu,18,72950,3171240274,F,7t094e9g,8401 Green Rd.,CMPEN
Jaydon Wolff III,jwo9868@lionstate.edu,18,92618,5324068953,F,cn3jhka6,655 East Branch Dr.,DS
Stuart Paucek,spa6019@lionstate.edu,18,72438,5244913075,M,m5cocubj,26 Johnson St.,PHYS
Maeve Lindgren,mli3321@lionstate.edu,21,62501,5927126915,F,ui580f4n,63 Lake Forest Road,CHEM
Keshaun Cremin,kcr5457@lionstate.edu,22,96708,8718744936,F,v0fgasd7,78 South Brewery Ave.,PHYS
Lorenz D'Amore,ld'3923@lionstate.edu,18,19733,2913497921,M,ftqmprpx,361 E. Sierra Street,CMPEN
Ottis Carter,oca4581@lionstate.edu,18,31316,1837000043,M,xcjcr4fc,308 Mammoth Dr.,CHEM
Mr. Abdullah Nienow,mab6845@lionstate.edu,22,86403,4891686083,M,9850zhhi,26 Johnson St.,CMPEN
Joel Hessel,jhe3279@lionstate.edu,18,81504,5141184178,F,p90ls52s,6 Andover Dr.,ECON
Mrs. Deangelo Larson,mde2599@lionstate.edu,18,6090,6121194871,M,pczfi6i4,120 Heritage Lane,MATH
Rey Mayer,rma3714@lionstate.edu,21,85003,4242334599,M,rqgrpbb3,4 Old Academy Drive,CMPSC
Osvaldo Goldner,ogo3872@lionstate.edu,21,80624,7422569147,M,o3hihfsr,863 Stillwater Road,CSE
Miss Archibald Parisian,mar6527@lionstate.edu,21,47948,9564305076,F,jc1yhwrz,860 Wakehurst Dr.,PHYS
Kirk Kshlerin,kks7927@lionstate.edu,22,52626,4913827938,F,o27khz2d,780 East Redwood Drive,CHEM
Jude Jakubowski,jja6275@lionstate.edu,19,46039,2619382616,M,vaklayln,251 West Sheffield Drive,IST
Letitia Haley,lha1165@lionstate.edu,19,6359,6119622334,M,gtmrxd7b,453 North Elm Dr.,CMPSC
Lyla Rowe,lro5092@lionstate.edu,18,31747,7191229641,F,krunxnsj,3 North Linden Ave.,PHYS
Reba Rogahn Jr.,rro8624@lionstate.edu,18,30168,9853227083,F,fcsiw9vb,655 East Branch Dr.,CMPEN
Xzavier Bednar,xbe4075@lionstate.edu,18,91905,5037120585,M,fwja346l,6 Andover Dr.,CHEM
Madalyn Beahan,mbe5897@lionstate.edu,22,61344,4623705497,M,1alls4jn,308 Mammoth Dr.,CMPSC
Marquise Sporer,msp2396@lionstate.edu,20,92056,9527458977,M,eivrd0dg,9408 Anderson Court,DS
Lily Mayer,lma3997@lionstate.edu,19,51046,3846455351,M,4abor0p0,780 East Redwood Drive,CSE
Johnpaul Adams III,jad9991@lionstate.edu,19,30054,5156254548,M,i8c51ca7,8985 Cambridge Ave.,STAT
Zita Okuneva,zok8115@lionstate.edu,21,62346,7171781964,F,h2c0hmwx,708 York Dr.,IST
Leone Rath,lra5429@lionstate.edu,20,32445,1264351953,M,ky9az1o3,7450 West Manchester Street,STAT
Kenna Toy,kto3075@lionstate.edu,22,61775,8924682463,F,ciwfk9v0,55 Hall St.,CHEM
Lesly Hamill,lha1007@lionstate.edu,20,80487,9889335112,M,i41crgb3,798 North Euclid Drive,PHYS
Mona Jast,mja6914@lionstate.edu,19,81321,6444711194,F,bubzi73b,8401 Green Rd.,ECON
Malachi O'Kon Sr.,mo'2102@lionstate.edu,21,96734,2665385595,M,dg88ili6,266 Second Street,CMPSC
Maryjane Ratke DVM,mra9348@lionstate.edu,18,30218,9186066481,M,4y9tpklm,6 Andover Dr.,MATH
Rosanna Raynor II,rra2944@lionstate.edu,22,32079,6763384743,F,mfh91bnj,655 East Branch Dr.,EE
Sydnie Eichmann,sei2746@lionstate.edu,18,52323,5332090119,F,66hclke8,78 South Brewery Ave.,CHEM
Johan Marquardt,jma9081@lionstate.edu,21,90004,7491946646,M,jhdfzk6j,141 Gulf Rd.,IST
Zora Gottlieb,zgo6248@lionstate.edu,18,86443,4445910532,F,18ujzopj,83 Corona Street,CHEM
Mr. Terence Barrows,mte5290@lionstate.edu,20,32310,7946759661,M,pyhzcqqb,963 Court Road,CHEM
Karina Heaney V,khe4237@lionstate.edu,20,32091,6866702717,F,6tevyige,461 Heather Street,PHYS
Rafaela Towne,rto9639@lionstate.edu,18,6039,5211352768,M,7kg2r96n,266 Second Street,CSE
Jonathon Renner,jre4487@lionstate.edu,19,71839,8168502665,F,86avpeyh,336 Myrtle Street,IST
Marquis Corkery,mco4950@lionstate.edu,20,47833,6763186603,M,6se8nlut,8378 West Pulaski Ave.,DS
Ozella Cremin,ocr4281@lionstate.edu,21,62288,6501797816,M,xd3o8mxz,251 West Sheffield Drive,CMPEN
Pattie Pouros,ppo3674@lionstate.edu,21,67642,1838117591,F,hni8nv4y,87 Vermont St.,IST
Sylvester Rogahn,sro6593@lionstate.edu,20,46975,5963242445,F,o4khshi4,9408 Anderson Court,MATH
Madeline Beatty,mbe8122@lionstate.edu,18,33313,7573370559,M,3z92cca8,78 South Brewery Ave.,CHEM
Mr. Talia Reilly,mta1412@lionstate.edu,22,61955,6033071809,M,9yv3xir1,7313 Stillwater Lane,STAT
Sean Schmidt,ssc5113@lionstate.edu,18,50130,1088807417,F,08i243xw,8401 Green Rd.,CMPEN
Leopold Torp,lto8681@lionstate.edu,18,83348,9751819004,F,rfbl7dns,91 S. Gartner Street,PHYS
Madaline Monahan DVM,mmo9633@lionstate.edu,21,95757,5024655558,M,532k3czr,185 E. Trenton Street,IST
Mittie Kuvalis,mku3286@lionstate.edu,18,92107,2018063445,M,ap25n3ab,7297 Applegate St.,STAT
Jamarcus Kutch,jku4357@lionstate.edu,19,71842,7342652634,M,1ryphig3,6 Andover Dr.,ECON
Lacey Cremin,lcr9996@lionstate.edu,22,50034,3447458382,F,ryeicg8y,9599 La Sierra St.,STAT
Jalen Stanton,jst7299@lionstate.edu,21,72469,4284576229,F,93y7sv9c,361 E. Sierra Street,STAT
Shaun Schamberger,ssc3796@lionstate.edu,18,34653,9484370706,M,15xkc9gi,91 S. Gartner Street,STAT
Mrs. Adrain Howe,mad5228@lionstate.edu,19,90010,7221422505,F,znklaesk,9659 Rosewood Drive,IST
Shania Walker V,swa2238@lionstate.edu,22,93401,9294347688,M,3n0anbkn,78 South Brewery Ave.,ECON
Shane Mayer,sma7982@lionstate.edu,18,72760,7215218489,M,8ho2ylkn,8378 West Pulaski Ave.,MATH
Mr. Lurline Green,mlu2848@lionstate.edu,21,62803,7823326896,M,xlcl3olo,798 North Euclid Drive,CMPSC
Kendra Hessel,khe2935@lionstate.edu,21,6235,3695369631,M,5v0x2i2u,9236 El Dorado St.,STAT
Keshaun Terry,kte7157@lionstate.edu,20,6606,4949327989,M,qgxo5n12,9408 Anderson Court,MATH
Katelin Rippin DDS,kri6727@lionstate.edu,21,33181,7047651827,M,cndejauu,608 North Addison St.,ECON
Kaia Orn,kor8639@lionstate.edu,21,47025,5337964346,F,r0wetv5d,182 Spring Street,PHYS
Marietta Fisher,mfi6371@lionstate.edu,19,60041,8967014687,M,0o5ugfpb,285 Dogwood Drive,ECON
Mrs. Krystal Buckridge,mkr4574@lionstate.edu,22,32043,3414939557,M,9ibxvx8f,251 West Sheffield Drive,ECON
Shanna Murray,smu8714@lionstate.edu,19,61938,6417119602,F,ottq8l4h,8401 Green Rd.,ECON
Rodrigo Bins,rbi9155@lionstate.edu,21,6754,3343389580,F,u023nh0i,461 Heather Street,PHYS
Jakayla Rogahn,jro5974@lionstate.edu,18,30470,3897911440,F,2pn9hkyw,780 East Redwood Drive,IST
Khalil Tremblay,ktr6772@lionstate.edu,20,31094,9181533068,M,rxsuefl3,18 Lakeview Street,DS
Woodrow Daugherty,wda9016@lionstate.edu,21,95315,5703245706,F,7p0w4sw8,453 North Elm Dr.,ECON
Rosa Fahey,rfa8532@lionstate.edu,20,62943,9479233233,F,937d9lsa,308 Mammoth Dr.,PHYS
Miss Neoma Pfannerstill,mne6555@lionstate.edu,18,32038,8432307454,F,exkdo0ql,7764 Union Avenue,PHYS
Stella Reichel,sre4987@lionstate.edu,18,83654,2396892522,F,421s7hyr,461 Heather Street,MATH
Titus McClure,tmc7639@lionstate.edu,20,33982,5366788287,M,ybftdlvn,963 Court Road,ECON
Leo Schneider,lsc9165@lionstate.edu,20,33145,2904035935,M,zb72v3ys,963 Court Road,IST
Rodrick Ratke,rra4659@lionstate.edu,18,6088,3935310863,F,hif5wgha,83 Corona Street,EE
Quinton Johnston,qjo2835@lionstate.edu,20,62254,6448192279,M,jc5mjn4j,336 Myrtle Street,STAT
Justus Prosacco,jpr1678@lionstate.edu,22,81410,2815185909,F,jtpv3g6o,336 Myrtle Street,CSE
Madeline Smith,msm4734@lionstate.edu,20,62355,2593257711,M,2ki3shs0,655 East Branch Dr.,IST
Sallie McDermott,smc5761@lionstate.edu,18,72014,6376525823,M,5cjv882q,9659 Rosewood Drive,CHEM
Mireya Pouros,mpo6230@lionstate.edu,22,60450,6896702170,M,7f94l7s0,608 North Addison St.,IST
Mrs. Daryl Beier,mda7325@lionstate.edu,21,61484,5501326697,M,b72x34cx,495 Jockey Hollow Ave.,STAT
Marisol Crona,mcr8647@lionstate.edu,18,31216,5804212840,F,o7rl1udy,7195 North Canterbury Circle,CHEM
Wava Anderson IV,wan5226@lionstate.edu,18,47725,4279029711,M,h7waj302,141 Gulf Rd.,DS
Miss Paul Hills,mpa1579@lionstate.edu,22,52208,2957321218,M,pxfwcqxb,26 Johnson St.,MATH
Velma Lebsack,vle9800@lionstate.edu,21,50067,7759585308,M,rof5jch8,9498 Newport Ave.,CHEM
Mrs. Deja Mosciski,mde4739@lionstate.edu,21,61028,5439138492,F,bkiff3gh,336 Myrtle Street,CMPSC
Rosie Huel,rhu1999@lionstate.edu,22,62690,2172468219,M,08ddd6ps,608 North Addison St.,EE
Marcelina Collins,mco7612@lionstate.edu,19,32578,8838874047,M,gvftq3ee,9236 El Dorado St.,DS
Joel Hammes,jha8710@lionstate.edu,18,31523,9171947908,M,ra3xf3g2,863 Stillwater Road,IST
Ismael Von,ivo1134@lionstate.edu,19,47167,2034336028,F,aa8obunx,798 North Euclid Drive,IST
Ivory Reichert,ire9271@lionstate.edu,19,32805,9826981428,M,7m9wcg8w,7 Arch Court,DS
Mae Rolfson,mro8475@lionstate.edu,18,93033,2101365056,F,otcje7py,655 East Branch Dr.,STAT
Rowland Roob V,rro5798@lionstate.edu,21,61863,6689086160,F,wgtnbh1o,259 Cleveland Road,CHEM
Rigoberto Huel,rhu3482@lionstate.edu,19,31774,7942899295,M,ungqga6k,8985 Cambridge Ave.,CSE
Mr. Jasen Stracke,mja6117@lionstate.edu,18,50171,8276695627,F,ehf2dmzk,18 Lakeview Street,MATH
Ms. Maci Schamberger,mma4302@lionstate.edu,21,66515,9522318992,M,5yczj6oj,7313 Stillwater Lane,IST
Mrs. Amparo Bahringer,mam2014@lionstate.edu,22,80116,2145286759,M,99wxwmdm,7313 Stillwater Lane,MATH
Jarret Mante,jma7277@lionstate.edu,22,46745,7554961530,F,jolwy2s0,4 Old Academy Drive,ECON
Monica Zieme,mzi4705@lionstate.edu,19,33167,5595203401,F,ct9v66xc,9408 Anderson Court,DS
Kevon McDermott,kmc2382@lionstate.edu,21,61239,5055917243,M,ggt4hfj9,7297 Applegate St.,ECON
Ophelia Murphy,omu5991@lionstate.edu,19,32087,7419386430,F,30cb43o7,232 W. Homewood Ave.,STAT
Jeanne Marquardt,jma1975@lionstate.edu,18,50613,1271712657,M,3hbwxyko,232 W. Homewood Ave.,EE
Jarrett Kessler,jke6352@lionstate.edu,20,33016,7659200618,M,q0ssowih,119 Harvey Street,CMPEN
Rafaela Legros,rle2901@lionstate.edu,21,72856,1146304300,M,k0t192jm,232 W. Homewood Ave.,MATH
Madelynn Grimes,mgr5494@lionstate.edu,19,33704,5396276774,M,dwq6vie7,7 Arch Court,PHYS
Leonel Beahan V,lbe3921@lionstate.edu,20,80231,5641424241,F,1ac5j9hy,7764 Union Avenue,PHYS
Price Parker,ppa6961@lionstate.edu,21,94041,7852021734,F,9hg8nilg,285 Dogwood Drive,DS
Stephen Ward,swa7358@lionstate.edu,19,96035,4571077199,M,0v91h6mw,308 Mammoth Dr.,DS
Leon Morissette,lmo1800@lionstate.edu,21,61275,8503543829,F,zrzby18o,8401 Green Rd.,STAT
Mackenzie Halvorson,mha4751@lionstate.edu,18,93060,9213972101,F,gysd8ywq,18 Lakeview Street,PHYS
Kara Wiegand I,kwi7687@lionstate.edu,21,83846,1872302192,M,9sr4krcq,232 W. Homewood Ave.,ECON
Pascale Abbott,pab5129@lionstate.edu,21,60712,4855336848,M,y8692wws,251 West Sheffield Drive,CHEM
Scot Will Jr.,swi5077@lionstate.edu,20,61037,3096045240,M,pwnt950j,259 Cleveland Road,EE
Rashad Larson,rla2797@lionstate.edu,19,66711,7147344387,M,ibm2bo3e,7 Arch Court,EE
Savanna Brakus,sbr3123@lionstate.edu,21,60031,8307953481,M,krp1pkam,8378 West Pulaski Ave.,STAT
Lolita Moore,lmo4016@lionstate.edu,20,30513,2716673702,F,0djua4jk,453 North Elm Dr.,CHEM
Maritza McKenzie,mmc7342@lionstate.edu,19,90605,4257024505,M,yh7imzim,55 Hall St.,ECON
Sammy Douglas V,sdo3750@lionstate.edu,22,47725,1048154077,F,mmw3lwvp,780 East Redwood Drive,MATH
Marta Zieme DDS,mzi8291@lionstate.edu,22,95660,9378580824,M,ntwa6o22,4 Old Academy Drive,CMPSC
Mrs. Oma Veum,mom6938@lionstate.edu,21,85009,6641556204,F,uhxeokud,119 Harvey Street,MATH
Marco Schaefer,msc9287@lionstate.edu,18,86545,4559956078,M,yxwumm5l,55 Hall St.,DS
Wilson Runte,wru8295@lionstate.edu,18,47201,4283274867,M,whmc8nsh,26 Johnson St.,ECON
Odessa Upton,oup4229@lionstate.edu,22,90704,4639285087,F,9oes49js,8687 N. Sleepy Hollow Court,CHEM
Melyna Lindgren,mli2334@lionstate.edu,19,32003,9979973361,F,1zvudew1,8378 West Pulaski Ave.,CMPSC
Leon Hettinger,lhe3112@lionstate.edu,19,30802,1182771078,M,tgsfcg7u,8687 N. Sleepy Hollow Court,MATH
Retha Schamberger,rsc9635@lionstate.edu,22,61928,2614023020,F,e1lek9bw,185 E. Trenton Street,MATH
Mr. Brionna Padberg,mbr9751@lionstate.edu,22,50428,4112460267,M,yppqbd8m,860 Wakehurst Dr.,CSE
Myrtie Hilpert,mhi9404@lionstate.edu,21,72367,4646400043,F,z0ak5f78,336 Myrtle Street,EE
Shayna Greenfelder V,sgr1450@lionstate.edu,18,93616,9742430924,F,xpddtqtt,83 Corona Street,CHEM
Susanna Lueilwitz,slu4029@lionstate.edu,22,33974,6325241209,M,vjp9fvw3,7195 North Canterbury Circle,IST
Tanya Zulauf,tzu3964@lionstate.edu,19,66516,4968352719,M,z8brxxr2,9498 Newport Ave.,MATH
Beau Krajcik,bkr1614@lionstate.edu,21,31217,3238095802,F,fv67v7ud,780 East Redwood Drive,CMPEN
Aurelia Ferry,afe9226@lionstate.edu,22,46785,3262753236,M,u9sweo7t,78 South Brewery Ave.,CHEM
Asa Tromp,atr7724@lionstate.edu,19,83833,1167771547,F,rpc0ecr4,9420 Tallwood Street,EE
Bailee Bernhard,bbe1971@lionstate.edu,19,50655,7057241900,M,2z5x0wq9,8985 Cambridge Ave.,IST
Axel Blanda,abl5494@lionstate.edu,18,90803,1887162616,F,ymt3iyum,655 East Branch Dr.,MATH
Arturo Schoen,asc7849@lionstate.edu,18,72762,2269445581,F,c0hgfkxn,185 E. Trenton Street,CHEM
Annabell Schuppe I,asc2462@lionstate.edu,21,50668,3294070947,F,y6e4oxeo,7 Arch Court,PHYS
Ashly McGlynn,amc6705@lionstate.edu,21,80516,5153130879,M,mpx009eg,639 Princeton Rd.,CMPEN
Augustine Bednar,abe7143@lionstate.edu,21,94950,6209112984,M,lx2hz60s,708 York Dr.,ECON
Ardith Buckridge,abu4594@lionstate.edu,20,95231,5387489258,M,p0itvgwk,9659 Rosewood Drive,CSE
Antonette Gleason,agl6867@lionstate.edu,19,93267,1332100507,F,c8tpvxdf,91 S. Gartner Street,EE
Annette Erdman III,aer4333@lionstate.edu,19,31711,6703040703,F,mxdgxmjn,7764 Union Avenue,CMPEN
Austen Schultz,asc3862@lionstate.edu,20,92004,2775583726,M,fzkbxbiu,7764 Union Avenue,CMPSC
Antone Spinka,asp5352@lionstate.edu,22,34711,5135203465,F,f096f3px,266 Second Street,DS
Angie Howell DVM,aho2701@lionstate.edu,20,34602,7257000861,M,3t52wwlg,7450 West Manchester Street,MATH
Anita Cremin,acr7084@lionstate.edu,19,90033,3139302791,F,17ow7v6r,259 Cleveland Road,MATH
Baby Stokes,bst2160@lionstate.edu,22,60536,3236222511,F,7398f1v0,91 S. Gartner Street,PHYS
Antonio Rice,ari8290@lionstate.edu,21,6091,7351326241,M,cu9pnq8n,461 Heather Street,PHYS
Bailee Keebler,bke6313@lionstate.edu,18,50585,7027080376,M,t26x25az,63 Lake Forest Road,CSE
Annette Heathcote,ahe6284@lionstate.edu,19,83830,7303718979,F,p6q31twb,9599 La Sierra St.,IST
Arturo Stiedemann,ast8005@lionstate.edu,19,33027,7614551290,F,msf24v3r,639 Princeton Rd.,CMPEN
Arianna Hayes,aha8564@lionstate.edu,21,6477,7675816885,F,vjy43dwn,798 North Euclid Drive,CSE
Barbara Lynch,bly7859@lionstate.edu,22,85352,4006546748,F,rv6h5k9v,461 Heather Street,CSE
Baron Pacocha,bpa6768@lionstate.edu,22,33884,2274663819,M,fms2vvht,655 East Branch Dr.,PHYS
Ardith Hettinger,ahe1279@lionstate.edu,20,33037,3848189316,M,kp2yck94,461 Heather Street,STAT
Assunta Walsh,awa9571@lionstate.edu,19,30222,4389600858,F,7zryi69f,8985 Cambridge Ave.,PHYS
Arnulfo Paucek,apa2541@lionstate.edu,19,6450,9413152090,M,0ahwidu1,4 Old Academy Drive,STAT
Anika Walsh,awa1809@lionstate.edu,18,31634,8579474090,M,ieerwn8d,863 Stillwater Road,EE
Antonina Brekke,abr2628@lionstate.edu,22,80022,6842786359,M,xkw7v0ch,336 Myrtle Street,DS
Ari Simonis,asi6829@lionstate.edu,22,85328,3738223604,M,qe5jz5ek,655 East Branch Dr.,DS
Ayana Wilkinson,awi4582@lionstate.edu,20,32535,6007579575,F,61t53q20,141 Gulf Rd.,CMPSC
Annabelle Block,abl8902@lionstate.edu,19,6897,3786604796,F,7j28vvzc,308 Mammoth Dr.,STAT
Arianna Yost,ayo6298@lionstate.edu,18,61036,9765473310,F,ps7agu40,8687 N. Sleepy Hollow Court,EE
Angelo Macejkovic,ama3077@lionstate.edu,20,95503,1551788234,F,8rkn1rx3,185 E. Trenton Street,PHYS
Cicero O'Kon,co'1788@lionstate.edu,19,51455,1307744716,F,no2dsq6k,9420 Tallwood Street,DS
Bettie Gibson II,bgi3522@lionstate.edu,18,62532,1255100564,F,3nwq2ezo,8985 Cambridge Ave.,IST
Carter Zboncak,czb9309@lionstate.edu,19,60457,5898798416,F,3rzaa57p,495 Jockey Hollow Ave.,STAT
Claire Haley,cha9704@lionstate.edu,18,80432,6598988680,M,qm4tj1ve,141 Gulf Rd.,CMPSC
Ahmed Marks,ama6515@lionstate.edu,21,83342,9509675647,M,2554uc0w,18 Lakeview Street,MATH
Cody Gislason,cgi1101@lionstate.edu,18,93604,6513753213,F,hq5l3bz8,453 North Elm Dr.,STAT
Cyrus Haag,cha2583@lionstate.edu,18,30912,5434785894,M,afkpa2ws,860 Wakehurst Dr.,CMPEN
Charlotte Donnelly,cdo9201@lionstate.edu,20,46902,3348544114,F,k6a80kp9,259 Cleveland Road,EE
Bethany Bernhard,bbe7235@lionstate.edu,21,46140,6035098365,F,scpn2dpp,358 Marvon Ave.,ECON
Abigale Jewess,aje9160@lionstate.edu,21,67880,2186420250,M,yi3qshz1,608 North Addison St.,CMPSC
Cade Spinka Jr.,csp7875@lionstate.edu,22,62082,9711678305,F,2vu5sf3s,7313 Stillwater Lane,CMPSC
Alden Lind,ali7453@lionstate.edu,22,61928,2684940911,F,0fn7cx6r,18 Lakeview Street,CMPEN
Danny Goldner,dgo8205@lionstate.edu,22,50475,3811948692,M,0bn8gx77,7450 West Manchester Street,EE
Aida Wilderman,awi7768@lionstate.edu,19,61822,5592690183,F,8jz2y2a5,8378 West Pulaski Ave.,PHYS
Bessie Reinger,bre4160@lionstate.edu,21,94607,2467082800,F,47fu0i8o,9408 Anderson Court,CHEM
Cleveland Bins,cbi3526@lionstate.edu,19,95316,6138650423,M,8vc64p5v,83 Corona Street,IST
Damien Hudson,dhu6635@lionstate.edu,19,32776,4792383710,F,pfvpn4hn,232 W. Homewood Ave.,PHYS
Brice Pacocha,bpa2803@lionstate.edu,22,95318,2752676614,F,b98cyqy7,9420 Tallwood Street,CMPEN
Cody Gutkowski,cgu3158@lionstate.edu,19,52342,9348596360,F,p9z2n632,9420 Tallwood Street,ECON
Cameron Osinski,cos1799@lionstate.edu,20,30101,4009998820,F,0n1e6pnc,7529 Old Sunset Road,CHEM
Dandre Kassulke,dka4769@lionstate.edu,21,91604,2403815864,F,fhdtpgwv,798 North Euclid Drive,IST
Alexandrea Goodwin,ago3924@lionstate.edu,21,95385,8316127746,M,1diivr7z,7 Arch Court,STAT
Brody Hackett,bha9246@lionstate.edu,20,94937,1715575509,F,o1rt4cbf,78 South Brewery Ave.,CMPEN
Alanis Stracke,ast8438@lionstate.edu,19,31787,6361489958,F,crailqp3,639 Princeton Rd.,ECON
Bernadine Koelpin,bko7832@lionstate.edu,18,95540,7396905295,F,142xk754,251 West Sheffield Drive,CMPEN
Damon Shields,dsh8625@lionstate.edu,22,34797,1041330723,F,ti45130u,63 Lake Forest Road,CMPSC
Alexane Cremin PhD,acr2307@lionstate.edu,21,92625,7969013997,F,uvhbxp40,9659 Rosewood Drive,PHYS
Cleo Kub,cku1462@lionstate.edu,19,46051,2064204063,F,2x8rf35c,259 Cleveland Road,EE
Carleton Flatley,cfl5329@lionstate.edu,22,32257,7775308519,F,8lhl9t10,8687 N. Sleepy Hollow Court,IST
Berta Reichert,bre8066@lionstate.edu,20,91710,3609292429,F,6f3z7kb0,9236 El Dorado St.,CSE
Calista Reichel,cre5153@lionstate.edu,19,52570,5708184649,F,6jcorz9a,7313 Stillwater Lane,MATH
Carolyne Herman,che7946@lionstate.edu,22,34488,5674145864,M,ajkwwmzd,9408 Anderson Court,CMPEN
Dameon Herman,dhe6440@lionstate.edu,19,71827,4936661787,M,3c34iijt,87 Vermont St.,STAT
Blaze Jaskolski,bja8759@lionstate.edu,21,85736,2677561909,M,du41ksn8,9599 La Sierra St.,CMPEN
Celestino Hilll,chi8541@lionstate.edu,20,34691,6939644773,M,3l51ofow,655 East Branch Dr.,IST
Abbey Kunde,aku9191@lionstate.edu,21,32563,7902445059,M,cl82fa7j,8985 Cambridge Ave.,PHYS
Abigayle Goldner,ago2420@lionstate.edu,18,83666,6512624973,M,bjppzwgj,285 Dogwood Drive,EE
Brandi Bergstrom,bbe6804@lionstate.edu,20,90704,4787339428,F,jwnn3kbs,7130 Longfellow Dr.,MATH
Abe Wintheiser,awi6807@lionstate.edu,21,92025,7874074228,M,2ug8r41a,141 Gulf Rd.,ECON
Caesar Rath II,cra1384@lionstate.edu,19,61814,8148118282,M,gjmnphk1,9498 Newport Ave.,DS
Chloe Nienow,cni4777@lionstate.edu,21,80648,2706148531,M,r18uqmoj,9659 Rosewood Drive,PHYS
Beverly Muller,bmu5779@lionstate.edu,21,81019,1892943713,F,ajfck44r,963 Court Road,IST
Casimer Runolfsdottir IV,cru1287@lionstate.edu,19,47369,4543467585,M,2s9glbub,259 Cleveland Road,CMPEN
Adell Bradtke,abr2910@lionstate.edu,19,90621,2727934286,M,avpdvzzg,963 Court Road,PHYS
Crawford Romaguera,cro4659@lionstate.edu,20,52649,7514001634,M,xh1z5q3c,863 Stillwater Road,CSE
Aimee Schowalter,asc7710@lionstate.edu,19,67020,8576028857,M,21ch6o1g,963 Court Road,CHEM
Brannon Bins,bbi5217@lionstate.edu,22,72628,4931503018,F,ib658n92,9599 La Sierra St.,CSE
Cade Wilderman,cwi9696@lionstate.edu,20,86045,8922082554,M,6thcq3ka,18 Lakeview Street,ECON
Alden Murazik,amu1271@lionstate.edu,19,93610,1705212350,M,y9hmo2y1,55 Hall St.,CSE
Chad Breitenberg,cbr3311@lionstate.edu,22,33013,9453681474,F,iu6rvymu,87 Vermont St.,MATH
Adelia Huels,ahu9998@lionstate.edu,19,33541,2317092992,F,pc2li9jb,608 North Addison St.,PHYS
Brian Huel,bhu8777@lionstate.edu,22,30135,5891360695,F,0sr7srbq,7195 North Canterbury Circle,CMPEN
Crystal Keebler,cke5626@lionstate.edu,22,46110,3063128210,F,7lsd8u6o,232 W. Homewood Ave.,IST
Cali Reichert,cre3514@lionstate.edu,22,95540,4953298271,F,0okfdvzu,119 Harvey Street,PHYS
Abel Anderson Sr.,aan1394@lionstate.edu,22,33154,1519856103,F,hj0n3pp5,8985 Cambridge Ave.,PHYS
Cassie Reynolds,cre5333@lionstate.edu,21,47456,8649348556,F,o5p7oizf,7195 North Canterbury Circle,CMPSC
Clovis Tillman,cti9525@lionstate.edu,21,6409,2303200385,M,20aadwv7,9599 La Sierra St.,CMPEN
Branson Wiegand Jr.,bwi3191@lionstate.edu,21,47850,9378523410,M,qocb0jon,453 North Elm Dr.,STAT
Carolyn Greenfelder,cgr2892@lionstate.edu,19,30464,9165250831,F,xy9mo4ch,55 Hall St.,MATH
Cierra Christiansen,cch7675@lionstate.edu,21,60963,6977807511,M,nc83dfhd,608 North Addison St.,MATH
Carley Collins,cco4658@lionstate.edu,21,91803,1992980700,F,32gvv474,285 Dogwood Drive,STAT
Chanelle Armstrong,car7539@lionstate.edu,18,32449,5333828844,F,50oqcctn,83 Corona Street,CMPSC
Coby Quitzon,cqu9106@lionstate.edu,20,67144,8316225985,F,tw5426ed,7313 Stillwater Lane,EE
Candice Nikolaus,cni4297@lionstate.edu,20,95757,1422157691,M,evxf35zl,7130 Longfellow Dr.,CMPEN
Bernhard Lakin I,bla8825@lionstate.edu,21,96059,2415880072,M,1dtdo40q,7764 Union Avenue,CMPEN
Breanne Ankunding,ban4029@lionstate.edu,21,34241,4645581414,F,00i72mf0,358 Marvon Ave.,CHEM
Clare Wilderman,cwi9611@lionstate.edu,19,6854,7152598683,M,i6uh8tg6,7529 Old Sunset Road,DS
Casey Mann,cma2608@lionstate.edu,19,62677,4682603660,F,nvxhowyn,8401 Green Rd.,CMPEN
Caterina Keebler,cke2909@lionstate.edu,19,47260,1007182937,F,y3ujhb8l,7313 Stillwater Lane,CHEM
Cassie Ondricka,con6570@lionstate.edu,21,32139,4899309617,F,o00ttgut,9599 La Sierra St.,STAT
Cooper Schamberger,csc4424@lionstate.edu,22,81027,4622669602,M,45ncapyh,708 York Dr.,CMPEN
Bert Cole,bco6864@lionstate.edu,21,50309,2929212474,M,ksq8h86c,87 Vermont St.,EE
Aiden Feeney,afe8207@lionstate.edu,19,33162,2258949793,M,wm1cdnuo,9659 Rosewood Drive,EE
Ada Morissette,amo1787@lionstate.edu,18,62232,6915576841,F,9jwi71sj,232 W. Homewood Ave.,CMPSC
Berry Paucek V,bpa4624@lionstate.edu,19,94509,8429747110,M,vwy31jv7,9408 Anderson Court,PHYS
Constantin West,cwe7743@lionstate.edu,21,62058,8504392733,M,1zvd1snn,83 Corona Street,CMPEN
Beau Langosh V,bla3620@lionstate.edu,21,6612,7433173344,F,qgdussoj,461 Heather Street,EE
Constance Spencer,csp1832@lionstate.edu,21,61358,5847632885,M,px5st392,780 East Redwood Drive,EE
Alek Harann,aha9580@lionstate.edu,22,83464,2847122625,M,cqbh45an,7764 Union Avenue,PHYS
Carmella Schmitt DDS,csc4465@lionstate.edu,21,62675,2787595481,M,4ad4so3q,9408 Anderson Court,ECON
Bettie Keeling,bke2342@lionstate.edu,21,91915,2276226151,M,ms07pcfx,780 East Redwood Drive,MATH
Carrie Heidenreich,che2186@lionstate.edu,21,60184,7144497996,M,u618ku61,88 Harrison Street,CMPEN
Alan Roob,aro5610@lionstate.edu,21,72079,9217564613,F,44vdzjle,4 Old Academy Drive,ECON
Brent Murphy,bmu2685@lionstate.edu,20,30093,4162549144,F,mesb9dvn,8131 Elizabeth Ave.,DS
Belle Shanahan,bsh2898@lionstate.edu,20,81325,6657788882,M,z1wbo8rz,8401 Green Rd.,CMPSC
Clemmie Auer,cau6355@lionstate.edu,21,66429,5356464095,M,zfwpjz8k,453 North Elm Dr.,IST
Chadrick Bahringer,cba9384@lionstate.edu,18,61776,5628463457,F,9ud209h4,655 East Branch Dr.,CMPEN
Danika Howe,dho6824@lionstate.edu,22,61753,4232529749,M,17wgtqdn,9659 Rosewood Drive,MATH
Abigayle Lind Sr.,ali8320@lionstate.edu,20,96797,2994009710,M,ctvqpw3f,7450 West Manchester Street,CMPSC
Abigayle Kuphal II,aku5912@lionstate.edu,21,31554,7438345423,F,xi209spb,7529 Old Sunset Road,MATH
Cleveland Altenwerth DDS,cal6530@lionstate.edu,22,19941,2677023225,F,0nj3c33c,798 North Euclid Drive,DS
Alene Strosin,ast1417@lionstate.edu,19,50455,7281157019,M,lsrte554,9236 El Dorado St.,CMPEN
Clarissa Kessler,cke2083@lionstate.edu,19,62001,2922851940,F,v2cjbrvc,963 Court Road,CHEM
Daniela Roberts,dro6812@lionstate.edu,18,60707,6217755722,M,045ar2mf,9599 La Sierra St.,ECON
Carmela Schowalter,csc6517@lionstate.edu,21,72947,7861893908,F,pcccpp55,7764 Union Avenue,STAT
Bessie Dooley,bdo2641@lionstate.edu,19,33873,1971405319,F,8f2lqduk,7529 Old Sunset Road,IST
Braden Legros,ble4792@lionstate.edu,22,61071,4115029491,M,8i6is0ah,9420 Tallwood Street,EE
Brannon Olson,bol9798@lionstate.edu,18,46268,9621002667,F,rjpdf3er,78 South Brewery Ave.,ECON
Carolina Keebler,cke5290@lionstate.edu,20,50511,4214618163,M,zkvrp5jt,863 Stillwater Road,EE
Abbey Gulgowski,agu4622@lionstate.edu,18,91803,5898278861,M,5uvu9byo,7195 North Canterbury Circle,DS
Brook Fahey,bfa8479@lionstate.edu,20,46506,6536655445,F,9jmi0zwo,453 North Elm Dr.,CMPSC
D'angelo Bauch,dba2379@lionstate.edu,19,95234,7505358527,F,msl605wk,9236 El Dorado St.,DS
Al Schamberger,asc5301@lionstate.edu,18,32667,9511676372,M,tj74r303,9599 La Sierra St.,CSE
Cathryn Dach MD,cda4101@lionstate.edu,20,46774,3502940059,M,xs85pn08,18 Lakeview Street,MATH
Adrian Jacobson I,aja6920@lionstate.edu,18,95303,3778021432,F,957kzj9i,266 Second Street,CMPEN
Albin Effertz,aef3745@lionstate.edu,21,93615,6489956267,M,laqw8wy4,251 West Sheffield Drive,CHEM
Candido Corwin,cco1519@lionstate.edu,22,60458,1177061592,M,xgedsmm3,8401 Green Rd.,IST
Brooklyn Roob,bro8229@lionstate.edu,19,51033,8814372695,F,wd4s9vg9,8985 Cambridge Ave.,ECON
Damian Cremin,dcr2568@lionstate.edu,21,62689,9954381442,F,kmi4uxpg,120 Heritage Lane,CHEM
Aditya Powlowski,apo8918@lionstate.edu,18,62694,1379175107,M,v05k1v63,7130 Longfellow Dr.,STAT
Bryce Beahan,bbe8960@lionstate.edu,18,95717,1356781137,F,thufxhze,7764 Union Avenue,DS
Carol Price,cpr2105@lionstate.edu,18,47802,6533792049,F,y8x1jptl,91 S. Gartner Street,ECON
Dane Hirthe,dhi1400@lionstate.edu,18,61049,4132080058,M,1va14zi3,119 Harvey Street,CHEM
Alexandre O'Hara,ao'9620@lionstate.edu,20,32218,8854565500,M,p7zeye92,461 Heather Street,EE
Catharine Stamm,cst7897@lionstate.edu,19,80203,3795340714,F,hqjkh5qw,251 West Sheffield Drive,IST
Cecilia Wilderman,cwi9823@lionstate.edu,18,93657,3164914600,F,ld6euu2f,798 North Euclid Drive,CHEM
Camren Murphy,cmu4682@lionstate.edu,19,62311,9945148447,F,g1pp37m7,182 Spring Street,EE
Alejandrin Brekke,abr4642@lionstate.edu,21,31757,1869270397,F,ysawmj9y,336 Myrtle Street,STAT
Cloyd Walsh,cwa6554@lionstate.edu,21,32464,8779671930,F,qe0iy7nq,78 South Brewery Ave.,DS
Aisha Wolff II,awo8057@lionstate.edu,22,46239,7157746934,M,n24jab1u,8687 N. Sleepy Hollow Court,PHYS
Chaim Batz,cba7752@lionstate.edu,20,91941,4392090568,F,7ypnjh47,285 Dogwood Drive,CSE
Breanna Turcotte,btu9894@lionstate.edu,18,95824,2336361264,F,v9p6v25z,87 Vermont St.,CMPSC
Citlalli Strosin,cst5445@lionstate.edu,21,92131,2249960857,F,bgqgje4n,285 Dogwood Drive,CMPEN
Danny Boyer,dbo6055@lionstate.edu,19,32211,9596105189,M,ibqumeb3,453 North Elm Dr.,STAT
Colton Simonis I,csi7325@lionstate.edu,22,62938,6977284056,M,m6nwqse8,259 Cleveland Road,EE
Einar Homenick I,eho2438@lionstate.edu,19,81654,7602571885,F,t9rgkjvk,8687 N. Sleepy Hollow Court,CMPSC
Gladyce Langworth,gla6703@lionstate.edu,21,30619,7358826683,F,citvflsq,4 Old Academy Drive,IST
Eileen Ullrich,eul3401@lionstate.edu,18,67450,3288744458,F,wiz18kft,863 Stillwater Road,EE
Giovanni Jerde,gje5238@lionstate.edu,20,83856,4437835595,M,ukbofbpy,26 Johnson St.,ECON
Ferne Emard,fem3105@lionstate.edu,22,81320,1636378293,F,maw8k1p2,88 Harrison Street,EE
Elwin Waelchi,ewa3673@lionstate.edu,21,96701,5445272807,F,2a5d4gvm,798 North Euclid Drive,CMPEN
Earl Dare,eda6907@lionstate.edu,22,95680,8648771218,F,n1otsmb8,259 Cleveland Road,IST
Gilda Parisian,gpa9063@lionstate.edu,20,47805,2228691354,F,0uek82zt,26 Johnson St.,ECON
Ilene Schamberger,isc1736@lionstate.edu,19,81521,2398899151,F,gfqase8s,119 Harvey Street,MATH
Ila Emmerich,iem2812@lionstate.edu,20,6059,9387404641,M,rzhtvxf3,361 E. Sierra Street,CMPEN
Ewald Koelpin,eko8983@lionstate.edu,19,32789,1865723259,F,7sgf01vp,185 E. Trenton Street,CHEM
Gerard Jakubowski DDS,gja2457@lionstate.edu,18,62548,2868392259,F,20u4p5x8,461 Heather Street,ECON
Domingo Gulgowski,dgu6109@lionstate.edu,18,80302,8977296546,F,4qtlequ2,18 Lakeview Street,IST
Emmie Mosciski,emo2262@lionstate.edu,19,52156,3565062594,F,rj6abnmm,182 Spring Street,MATH
Dr. Buster Beahan,dbu9499@lionstate.edu,22,62928,3301492114,F,qqnuxtqz,3 North Linden Ave.,CMPSC
Gilberto Legros,gle6196@lionstate.edu,21,85626,1897642691,F,nwu9w5mv,119 Harvey Street,CSE
Dr. Ashton Stehr,das7737@lionstate.edu,22,72360,9887573433,M,ucsw5qmf,9659 Rosewood Drive,CMPEN
Elbert Davis,eda3706@lionstate.edu,22,51577,6236712453,M,nfl28k41,285 Dogwood Drive,CMPSC
Gardner Rippin,gri9899@lionstate.edu,21,46974,2935297744,M,3nsynvz6,9420 Tallwood Street,EE
Floy Koss,fko5077@lionstate.edu,20,80744,3614103389,F,4pvvl7p1,8985 Cambridge Ave.,CSE
Elvera Auer Jr.,eau5556@lionstate.edu,21,60511,4414304742,F,cf5aejxt,78 South Brewery Ave.,IST
Dolores Ledner,dle5410@lionstate.edu,19,67490,7448317180,F,9s8t276n,963 Court Road,CSE
Dr. Karelle Koss,dka3721@lionstate.edu,20,30097,7535570080,M,69gexir6,88 Harrison Street,PHYS
Derick O'Hara,do'6054@lionstate.edu,22,51442,8358735163,M,70pipr2e,120 Heritage Lane,PHYS
Ella Waelchi,ewa2037@lionstate.edu,20,92113,6863198544,F,poakps30,8985 Cambridge Ave.,PHYS
Dorothy Wunsch,dwu9169@lionstate.edu,21,61761,9279633923,F,apbb4k6x,655 East Branch Dr.,CMPEN
Friedrich O'Kon II,fo'6167@lionstate.edu,18,66091,7811756413,F,5z1mvehd,55 Hall St.,MATH
Dortha Ondricka,don6643@lionstate.edu,19,62633,9416385067,M,ew3xk7ww,120 Heritage Lane,PHYS
Dr. Leilani Purdy,dle3899@lionstate.edu,22,32168,6607563285,M,hr9gvnwp,9420 Tallwood Street,ECON
Hayden Conn,hco5500@lionstate.edu,19,95459,1937947807,F,l9uczvs1,361 E. Sierra Street,EE
Frank Williamson,fwi8821@lionstate.edu,21,30105,6021059609,F,idkbon4x,461 Heather Street,IST
Fausto Bernhard III,fbe8649@lionstate.edu,22,47926,5017188306,F,hod33g2g,7450 West Manchester Street,STAT
Ethan Johnston,ejo5512@lionstate.edu,18,80910,5929288056,M,xgzmz7gb,91 S. Gartner Street,IST
Gretchen Spinka I,gsp6165@lionstate.edu,20,95553,6563518418,F,im9dpro0,18 Lakeview Street,IST
Hayden Schroeder,hsc7353@lionstate.edu,19,94103,5028017701,M,yr2i3klq,91 S. Gartner Street,CMPEN
Erin Reilly II,ere1755@lionstate.edu,22,95324,8035385807,M,x50p3uzk,119 Harvey Street,DS
Garett Balistreri,gba7661@lionstate.edu,22,30820,2876601021,M,miklog0x,963 Court Road,PHYS
Earl Harvey,eha5861@lionstate.edu,19,46721,7174227539,M,3bhnzahn,182 Spring Street,MATH
Darrel Schmitt,dsc6643@lionstate.edu,20,52801,7287955627,F,lnjgs77d,361 E. Sierra Street,CHEM
Deshawn Williamson,dwi1180@lionstate.edu,20,62682,2529148893,M,abcfoz4u,232 W. Homewood Ave.,CHEM
Edmond Beatty,ebe7690@lionstate.edu,22,95060,6616351983,M,i9hg2u5p,8985 Cambridge Ave.,CHEM
Garrison Brekke,gbr1918@lionstate.edu,20,90401,9136095309,F,jl6pbnsl,9408 Anderson Court,CSE
Eddie Botsford II,ebo5772@lionstate.edu,21,32568,8696940266,M,5sq8neye,232 W. Homewood Ave.,MATH
Fabian Murphy,fmu1882@lionstate.edu,20,61231,7146967219,F,ncm9m5oz,185 E. Trenton Street,ECON
Iliana Little,ili9357@lionstate.edu,19,47386,3721975304,F,hh2csxcn,266 Second Street,IST
Elsa Bernhard,ebe1511@lionstate.edu,22,62023,4807950043,M,86efj62b,55 Hall St.,CSE
Gabrielle Bednar I,gbe6590@lionstate.edu,18,32327,9515642229,M,ixot9bd0,7313 Stillwater Lane,CSE
Eula Lockman,elo4775@lionstate.edu,22,80525,8933394712,M,meze5wgr,182 Spring Street,CHEM
Dr. Zachary Corwin,dza5980@lionstate.edu,20,92021,9418203245,M,0q4zrpw7,91 S. Gartner Street,DS
Earline Mitchell,emi8232@lionstate.edu,22,50538,4004642397,M,zigib19y,780 East Redwood Drive,STAT
Dr. Devante Ritchie,dde2898@lionstate.edu,21,61479,8337051465,F,919nl0rg,182 Spring Street,EE
Harvey Becker,hbe2422@lionstate.edu,18,67843,7619496573,F,szlotcme,120 Heritage Lane,CMPSC
Desiree Ullrich,dul8690@lionstate.edu,19,62243,9498551789,F,958ncrhf,495 Jockey Hollow Ave.,DS
Delilah Osinski,dos5296@lionstate.edu,19,51058,5281811092,M,vtsv9lap,7130 Longfellow Dr.,PHYS
Hilbert Hagenes,hha5862@lionstate.edu,22,61465,4188689035,M,1jrl9g2g,251 West Sheffield Drive,CHEM
Gerardo Lindgren,gli8369@lionstate.edu,19,72342,1792740203,F,36w1lq62,182 Spring Street,CSE
Dr. Sydnie Jacobi,dsy2833@lionstate.edu,21,60462,4139326836,M,4f0t44o5,78 South Brewery Ave.,DS
Erik Jakubowski,eja9335@lionstate.edu,21,62817,8647080018,F,6c9w263u,9420 Tallwood Street,CHEM
Dr. Tomasa Kerluke,dto9651@lionstate.edu,21,80011,7329101207,M,2cqalv1d,4 Old Academy Drive,CMPEN
Garrison Haag,gha1127@lionstate.edu,18,60002,7573287335,F,64mrwty5,358 Marvon Ave.,IST
Daphnee Greenfelder,dgr2584@lionstate.edu,21,60563,1233588100,M,1ty7j48p,185 E. Trenton Street,CMPEN
Hiram Quitzon III,hqu9235@lionstate.edu,21,32801,4903500860,F,ea1bz0su,708 York Dr.,PHYS
Dr. Lizeth Brakus,dli7331@lionstate.edu,18,72007,3508624415,F,luzms3yv,8131 Elizabeth Ave.,CMPEN
Faye Keeling DDS,fke9331@lionstate.edu,18,33182,2078064156,F,ndollp4n,63 Lake Forest Road,CHEM
Hattie Schmeler,hsc9271@lionstate.edu,19,86503,2021711669,M,oolicjki,9408 Anderson Court,MATH
Esther Gaylord,ega5701@lionstate.edu,18,60471,6784967899,F,nxaztmsb,780 East Redwood Drive,MATH
Elisa Hahn,eha3605@lionstate.edu,18,62867,3579290143,M,6fbe4n5f,708 York Dr.,EE
Domenic Grant,dgr3445@lionstate.edu,21,30143,1876898305,F,2hraep3u,655 East Branch Dr.,EE
Eliezer Wilkinson,ewi7719@lionstate.edu,19,94597,7855436910,F,j8dbqrn2,639 Princeton Rd.,PHYS
Domenica Ratke,dra6398@lionstate.edu,22,46032,1067392707,F,33gcwtga,185 E. Trenton Street,STAT
Ilene Bashirian DVM,iba6268@lionstate.edu,19,6785,2373401867,M,rwnkxe3q,63 Lake Forest Road,CSE
Estefania Feest,efe7194@lionstate.edu,19,72476,8326378039,F,pcvwpys8,8131 Elizabeth Ave.,EE
Hillary Satterfield,hsa7005@lionstate.edu,20,51440,9102721671,F,k47muh9j,266 Second Street,CHEM
Dr. Henri Swift,dhe4675@lionstate.edu,20,32140,3212036007,M,8ir9plfy,655 East Branch Dr.,CMPSC
Gwendolyn Luettgen,glu5165@lionstate.edu,18,67749,2524956447,F,p60j3gfp,7764 Union Avenue,CHEM
Gudrun Rowe,gro7380@lionstate.edu,19,52314,2556843699,F,9elp97f2,308 Mammoth Dr.,PHYS
Harmony McLaughlin DDS,hmc3828@lionstate.edu,19,34769,1334977907,F,ivj4t8l7,361 E. Sierra Street,CSE
Emmet Rath,era1993@lionstate.edu,18,92210,2376100241,M,lt2o6bz7,608 North Addison St.,STAT
Ernestine Krajcik,ekr7262@lionstate.edu,21,80031,8791374936,M,xq9c6pak,963 Court Road,ECON
Geovanni Romaguera Jr.,gro1175@lionstate.edu,19,62982,3605477070,M,chgtsi7m,285 Dogwood Drive,CHEM
Franco Windler,fwi1167@lionstate.edu,20,20009,7228338851,F,uu0g93w1,8131 Elizabeth Ave.,ECON
Filiberto Cole,fco4453@lionstate.edu,20,46808,7188192094,M,x2a4uyte,4 Old Academy Drive,CHEM
Heaven Howell,hho2415@lionstate.edu,20,62324,1051879878,M,i3vn6szs,55 Hall St.,CHEM
Devan Gleichner,dgl1808@lionstate.edu,22,47436,3075621077,F,bevy1uqk,182 Spring Street,DS
Deondre Prohaska,dpr1912@lionstate.edu,18,72838,2707199904,F,kwxx5jy0,453 North Elm Dr.,STAT
Gerson Daugherty,gda4655@lionstate.edu,20,60955,3607604692,M,ajy7neci,91 S. Gartner Street,PHYS
Darien Guann,dgu3121@lionstate.edu,19,50604,5572234284,M,frzsnvre,8131 Elizabeth Ave.,CMPEN
Gonzalo Rice,gri9047@lionstate.edu,19,31830,1965500558,M,zxgp56he,83 Corona Street,IST
Dr. Kaitlin Watsica,dka8555@lionstate.edu,20,50464,1856380918,F,r7haxr52,9659 Rosewood Drive,DS
Fredy Rutherford,fru9222@lionstate.edu,22,30607,5077345109,M,f27vjkmy,336 Myrtle Street,DS
Henderson Conroy,hco6423@lionstate.edu,20,95825,1365734473,M,l29f8zdu,963 Court Road,CMPSC
Furman Anderson,fan4600@lionstate.edu,22,33406,6517035633,F,w7whiajz,9236 El Dorado St.,DS
Flavio Ferry,ffe7299@lionstate.edu,22,50836,9995348369,F,tl5jnyof,63 Lake Forest Road,EE
Gage Jenkins,gje9368@lionstate.edu,21,92105,9325961907,F,5qdetelc,7 Arch Court,DS
Dr. Keira Walter,dke5393@lionstate.edu,18,32784,4984512141,F,ohh4mwyn,8131 Elizabeth Ave.,PHYS
Grayce Haag,gha3078@lionstate.edu,19,72165,6879072865,M,x8bxllty,361 E. Sierra Street,CSE
Golden Schimmel,gsc7459@lionstate.edu,19,6264,3273120930,F,c30yd3xc,495 Jockey Hollow Ave.,IST
Elton Boyle IV,ebo8800@lionstate.edu,22,51355,7018501982,F,27nkuhp0,361 E. Sierra Street,MATH
Dr. Thurman Hudson,dth9255@lionstate.edu,21,83210,2729963522,M,wdsa15ev,608 North Addison St.,CHEM
Elwin Murazik Sr.,emu6564@lionstate.edu,20,61956,9559806829,F,1srrimo3,608 North Addison St.,EE
Herbert Hansen,hha5390@lionstate.edu,20,81125,7793125058,F,kjzty61o,232 W. Homewood Ave.,PHYS
Enid Harris,eha9004@lionstate.edu,21,6610,4307542971,M,pudh3q7q,461 Heather Street,PHYS
Halle Mann,hma5409@lionstate.edu,20,34983,5087392372,F,xkeuvdjo,266 Second Street,PHYS
Elian Quitzon,equ5569@lionstate.edu,19,50147,1914573503,F,5gopxrcu,8131 Elizabeth Ave.,EE
Holden Wilderman,hwi7295@lionstate.edu,19,62325,6098024692,F,z79z8qv6,55 Hall St.,ECON
Ena Waelchi,ewa4239@lionstate.edu,22,46573,3297388801,M,5lx2bx3y,7297 Applegate St.,ECON
Enola Kub,eku6733@lionstate.edu,21,62092,2602361602,M,nfqdx36h,9420 Tallwood Street,DS
Dr. Molly Hoeger,dmo3632@lionstate.edu,19,32145,6029960378,F,w3mm2evm,860 Wakehurst Dr.,CMPSC
Ebba Runte Sr.,eru8875@lionstate.edu,19,50573,2356242950,M,38y8b748,361 E. Sierra Street,MATH
Elyse Wisoky,ewi7053@lionstate.edu,22,62677,6042431281,M,y3qo6wcu,266 Second Street,DS
Gabriella Pfannerstill,gpf4338@lionstate.edu,21,34243,7758186350,F,t18b2zrh,4 Old Academy Drive,PHYS
Dexter Hirthe Jr.,dhi2046@lionstate.edu,21,6811,4375129991,M,jzfoezkr,863 Stillwater Road,STAT
Edward Orn,eor3911@lionstate.edu,18,67865,3048099356,F,18zrf9xy,308 Mammoth Dr.,CMPSC
Darrel Armstrong,dar8112@lionstate.edu,18,20053,5482921024,M,w6w1dk9x,4 Old Academy Drive,IST
Guiseppe Dooley,gdo2323@lionstate.edu,19,95726,5023869994,F,jytu2joh,119 Harvey Street,IST
Dion Mosciski,dmo8469@lionstate.edu,18,90270,7048955791,F,hj4cclt0,182 Spring Street,IST
Dr. Josiane Herzog,djo7177@lionstate.edu,20,34448,9953422895,F,cg3nnw0w,8378 West Pulaski Ave.,DS
Dorcas Gorczany,dgo7552@lionstate.edu,22,90064,2419993359,F,wqxumezb,7529 Old Sunset Road,STAT
Ike Weissnat,iwe8564@lionstate.edu,20,47924,6093267961,F,1eaym6hq,495 Jockey Hollow Ave.,STAT
Dayton Swaniawski,dsw8653@lionstate.edu,19,94938,6022352024,M,ywux4080,259 Cleveland Road,CSE
Dolly Schulist,dsc8667@lionstate.edu,18,61015,3612110418,M,w5fqnpdm,453 North Elm Dr.,EE
Hallie Langworth,hla2951@lionstate.edu,21,34465,1751640460,M,fjpasfn0,120 Heritage Lane,CSE
Deshaun Weissnat,dwe7522@lionstate.edu,20,83628,3998465170,M,6wq0yb12,91 S. Gartner Street,CMPSC
Frederique Torphy,fto3481@lionstate.edu,21,32211,9082556924,M,a9vg5adf,7764 Union Avenue,DS
Flossie Schoen,fsc6641@lionstate.edu,19,51443,1834427091,F,otygfrqd,9236 El Dorado St.,CSE
Dorris Schulist,dsc6224@lionstate.edu,21,85137,4056753519,M,ghv927fv,639 Princeton Rd.,CMPSC
Edwardo Stokes,est8109@lionstate.edu,22,91722,1989505838,M,ungh3o61,120 Heritage Lane,ECON
Glennie Turcotte II,gtu8968@lionstate.edu,21,81019,3903973237,F,gh7gg5yc,7450 West Manchester Street,STAT
Dr. Casandra Walsh,dca4962@lionstate.edu,21,86333,6775617684,M,vlcyuyli,3 North Linden Ave.,CSE
Elenora Kessler,eke2974@lionstate.edu,18,33004,4232844879,M,y17twvre,26 Johnson St.,IST
Freda Goldner,fgo6601@lionstate.edu,19,96096,7969800110,F,vp0hyviy,708 York Dr.,CHEM
Dante Auer,dau4671@lionstate.edu,22,71667,9771611214,M,pjk5uuph,7195 North Canterbury Circle,MATH
Flavie Stokes,fst4172@lionstate.edu,20,33178,9999216512,M,v2ac62yr,83 Corona Street,PHYS
Eusebio Wuckert,ewu3608@lionstate.edu,20,60952,7024033901,F,tnhnrl2s,26 Johnson St.,MATH
Hassan Hagenes,hha4579@lionstate.edu,18,47920,8868421161,M,02r32nem,8131 Elizabeth Ave.,ECON
Gerald Dibbert,gdi6403@lionstate.edu,19,83827,3638182203,M,uyv380bs,308 Mammoth Dr.,CSE
Geraldine Hodkiewicz V,gho9279@lionstate.edu,20,95923,8126183383,M,1kt3b9yp,9420 Tallwood Street,CMPSC
Horace Bernier,hbe9043@lionstate.edu,20,60048,1656692890,M,do9np1uo,361 E. Sierra Street,CHEM
Dr. Luna Goldner,dlu5342@lionstate.edu,21,61857,3313599677,F,8izk0vyb,608 North Addison St.,DS
Furman Wilkinson,fwi4093@lionstate.edu,18,95634,9459253688,M,zqmrasp4,8401 Green Rd.,CMPSC
Gunnar Bogan,gbo5236@lionstate.edu,21,95336,6229031783,M,61ps0ls8,120 Heritage Lane,CSE
Ervin Davis,eda1662@lionstate.edu,22,46764,5349337731,M,c08ymku9,9599 La Sierra St.,ECON
Elmira Robel Sr.,ero7419@lionstate.edu,22,83712,9692326632,M,sgmnaby3,9236 El Dorado St.,CMPSC
Erica Jewess,eje5154@lionstate.edu,22,34233,6889985750,F,2h2zgp0u,26 Johnson St.,PHYS
Garett Shields Jr.,gsh4183@lionstate.edu,18,20540,4857836299,M,fkxcd7sb,55 Hall St.,CMPSC
Dr. Morgan Sanford,dmo5043@lionstate.edu,20,95742,5717835950,F,yvon4auv,87 Vermont St.,CSE
Florida Hoeger,fho6099@lionstate.edu,19,67843,7246399973,M,lbkrizuu,8131 Elizabeth Ave.,CHEM
Gerda Ritchie,gri8843@lionstate.edu,18,71834,9832226673,M,kov519o8,185 E. Trenton Street,CMPEN
Henderson Morissette,hmo1766@lionstate.edu,19,61850,6697378039,M,pvksy5g9,461 Heather Street,CMPEN
Eleazar Greenholt,egr8661@lionstate.edu,20,95310,7483898353,M,nfs52rx9,83 Corona Street,CHEM
Elinore Moen,emo9364@lionstate.edu,22,92707,5032910141,M,jtcvb5mi,8687 N. Sleepy Hollow Court,ECON
Elwyn Gorczany,ego5088@lionstate.edu,19,30070,7654831259,M,kec1tvvq,453 North Elm Dr.,ECON
Donnie Conn,dco3584@lionstate.edu,21,81521,8307741150,F,30m8mgg8,83 Corona Street,IST
Eugenia Osinski,eos2514@lionstate.edu,19,67671,5251707543,F,5n7rxat6,55 Hall St.,ECON
Emanuel Kris,ekr7111@lionstate.edu,19,6256,9229223328,F,xuiy7mzm,87 Vermont St.,ECON
Ida Blanda,ibl7919@lionstate.edu,21,92003,6136801755,F,i2dfgepr,860 Wakehurst Dr.,CHEM
Dr. Lloyd Barrows,dll1126@lionstate.edu,20,62201,8213636060,M,4bkr5n7f,461 Heather Street,PHYS
Garnett Hessel,ghe6923@lionstate.edu,22,66869,3037232532,F,448p81am,9659 Rosewood Drive,MATH
Darwin Carroll IV,dca7691@lionstate.edu,18,60564,5038370688,F,vak3gwpe,9498 Newport Ave.,PHYS
Eda Marks,ema3198@lionstate.edu,18,60532,2953748438,F,f3e9tv4d,308 Mammoth Dr.,IST
Doris Koch,dko7141@lionstate.edu,18,33815,7223973774,M,443bieq9,453 North Elm Dr.,ECON
Greta Schowalter DDS,gsc8857@lionstate.edu,21,60657,5001660406,F,i54i8e4r,7313 Stillwater Lane,MATH
Gayle Pollich,gpo8007@lionstate.edu,19,19940,7724695810,M,zktkgfvs,860 Wakehurst Dr.,CMPSC
Enos Schulist,esc3235@lionstate.edu,20,91325,4487314346,F,vb0kg02i,336 Myrtle Street,CSE
Domenica Schumm,dsc1531@lionstate.edu,19,50543,2449302816,F,uwvxra29,8985 Cambridge Ave.,DS
Eugenia Rath,era5006@lionstate.edu,19,46260,7405652189,M,9gzrg9k4,266 Second Street,MATH
Dr. Oscar Rath,dos4686@lionstate.edu,22,32766,3205800437,F,uo1yl5kn,7529 Old Sunset Road,DS
Emmett Rodriguez,ero6656@lionstate.edu,19,50540,6365893980,F,23fvo5oo,7529 Old Sunset Road,CMPEN
Dean Sporer,dsp8278@lionstate.edu,22,60958,1888959336,F,c7h45b7v,798 North Euclid Drive,CHEM
Dulce Gulgowski,dgu2182@lionstate.edu,22,6023,1632728641,F,xuub6w1z,259 Cleveland Road,DS
Deondre Rutherford,dru6558@lionstate.edu,19,95412,4886700802,F,d712nupf,88 Harrison Street,ECON
Ezequiel Ratke,era8695@lionstate.edu,21,95490,3623607060,F,n0a9z5fp,6 Andover Dr.,PHYS
Gaylord Collins DVM,gco1287@lionstate.edu,22,83234,7411804045,M,ao2yf2ru,7450 West Manchester Street,DS
Darion Aufderhar II,dau3899@lionstate.edu,19,50023,2827362887,M,0cs9xyii,3 North Linden Ave.,IST
Gladyce Kertzmann,gke6046@lionstate.edu,20,96074,7733603374,F,s52yl1va,26 Johnson St.,MATH
Hadley Stracke,hst8869@lionstate.edu,20,33703,5424788355,F,xd4a1vbi,7450 West Manchester Street,CSE
Hattie Boehm,hbo6532@lionstate.edu,20,95426,2171196820,M,gbgrtgkb,9659 Rosewood Drive,EE
Harold Durgan,hdu6288@lionstate.edu,20,32444,6067246263,M,x6lpxfnx,798 North Euclid Drive,CMPSC
Dr. Mariano Collier,dma2479@lionstate.edu,18,80264,4901644120,M,1ekz58ar,266 Second Street,ECON
Esmeralda Smith IV,esm5729@lionstate.edu,20,52583,5946547898,F,s7vf7d8s,9599 La Sierra St.,MATH
Emiliano McCullough,emc1573@lionstate.edu,21,61326,6141985661,F,cdessibr,251 West Sheffield Drive,CSE
Dr. Reagan Johnston,dre1763@lionstate.edu,22,85135,3741108046,M,fb6id2et,120 Heritage Lane,CSE
Dianna Wehner,dwe1922@lionstate.edu,18,62921,5154161177,M,2uy51mpb,7313 Stillwater Lane,MATH
Deondre Hagenes,dha8330@lionstate.edu,19,31309,1944686185,M,yytd1q6l,8378 West Pulaski Ave.,DS
Electa VonRueden,evo3410@lionstate.edu,18,62275,2217595178,F,uv9ce60h,461 Heather Street,MATH
Gudrun Ward PhD,gwa4795@lionstate.edu,21,50454,2535015485,M,4jjj4cp0,453 North Elm Dr.,IST
Dr. Reva Kuhic,dre1837@lionstate.edu,21,30566,1791075870,F,qenoerax,8131 Elizabeth Ave.,EE
Deondre Harber,dha4724@lionstate.edu,19,83810,3255233375,F,23b23uk4,285 Dogwood Drive,ECON
Doris Cremin,dcr5796@lionstate.edu,22,50271,5173308262,F,behfw2pz,655 East Branch Dr.,CSE
Fredrick Howell,fho3009@lionstate.edu,22,61606,4767162118,F,219xa2c5,3 North Linden Ave.,MATH
Elnora Wilderman,ewi3696@lionstate.edu,20,92821,4533093860,F,f3brslrz,7130 Longfellow Dr.,ECON
Else Batz,eba8031@lionstate.edu,21,61345,7589323603,M,8uxa5m0p,780 East Redwood Drive,MATH
Forrest Ruecker PhD,fru6436@lionstate.edu,19,50222,1465709526,F,sh44t6ty,7764 Union Avenue,IST
Eva Blanda,ebl1301@lionstate.edu,22,93442,8952374945,F,9x7jrlvr,7450 West Manchester Street,STAT
Edmond Effertz I,eef9004@lionstate.edu,22,52745,9493197032,F,eegpby2t,608 North Addison St.,CSE
Etha Romaguera,ero4695@lionstate.edu,18,31220,6066973002,F,1pmel9s9,83 Corona Street,CSE
Dr. Anabel Stoltenberg,dan1283@lionstate.edu,19,93660,8743080557,M,dp3zoe6q,232 W. Homewood Ave.,CHEM
Dolores Runolfsdottir DDS,dru1153@lionstate.edu,20,96783,4506486283,F,1msis5t3,308 Mammoth Dr.,CMPEN
Eliza Jacobi II,eja4563@lionstate.edu,21,86502,6048602937,F,7e90f7qq,8378 West Pulaski Ave.,CMPEN
Dr. Foster Langosh,dfo8788@lionstate.edu,21,85027,2272545136,F,ug376ep9,7529 Old Sunset Road,STAT
Dr. Sage Smitham,dsa5269@lionstate.edu,18,52352,8287603239,M,ajrdjhxl,780 East Redwood Drive,CSE
Halle Koepp,hko4058@lionstate.edu,19,95956,1178789787,M,coevsfej,285 Dogwood Drive,PHYS
Darien Gibson,dgi6063@lionstate.edu,22,33755,1477909188,M,t03b6hb4,608 North Addison St.,MATH
Eldon Macejkovic,ema6571@lionstate.edu,21,72482,5645429189,M,n26pn5ng,608 North Addison St.,MATH
Gerry Kuvalis Jr.,gku4413@lionstate.edu,19,93022,2711524985,F,t4vk29f9,7 Arch Court,MATH
Gregorio Cummings,gcu8420@lionstate.edu,22,33193,9795267337,F,9fkl8w6t,266 Second Street,IST
Dock Johns,djo8575@lionstate.edu,18,20260,3706291577,M,tn9wg74p,655 East Branch Dr.,EE
Hailee Runolfsson,hru3139@lionstate.edu,22,85225,8173171827,F,ggyn6nh9,358 Marvon Ave.,ECON
Flossie Bednar,fbe3368@lionstate.edu,19,80830,2543390057,F,hkjob0h1,7 Arch Court,ECON
Dr. Elton Green,del6081@lionstate.edu,18,71851,8123631542,M,to578yi5,8985 Cambridge Ave.,PHYS
Florian Mante,fma3537@lionstate.edu,22,92276,5317437262,F,52ibosdi,798 North Euclid Drive,CSE
Frank Ryan,fry4954@lionstate.edu,19,46340,7122157384,F,hwazzxlh,461 Heather Street,CMPEN
Dr. Lambert Jaskolski,dla7510@lionstate.edu,18,81092,7719679541,M,jy0in5m2,358 Marvon Ave.,CMPSC
Darlene Flatley,dfl8617@lionstate.edu,22,50039,5429668226,M,fff7sx3o,9408 Anderson Court,MATH